lang,key,rate,ev_survival,ev_kept,ev_total,gpt_kept
en,https://en.wikinews.org/wiki/U.S._President_arrives_in_Singapore::1,0.33,0.45454545454545453,5,11,0.3037974683544304
en,https://en.wikibooks.org/wiki/Lucid_Dreaming/Introduction::2,0.33,0.2916666666666667,7,24,0.3113207547169811
en,https://en.wikinews.org/wiki/Canadian_professional_wrestler_Luna_Vachon_dies_aged_48::1,0.33,0.5,5,10,0.29411764705882354
en,https://en.wikinews.org/wiki/La_La_Land_receives_record-equalling_fourteen_Oscar_nominations;_Hacksaw_Ridge_gets_six::1,0.33,0.2222222222222222,2,9,0.3148148148148148
en,https://en.wikinews.org/wiki/Huge_Gay_Pride_parade_held_in_Brazil::1,0.33,0.2777777777777778,5,18,0.32142857142857145
en,https://en.wikibooks.org/wiki/Wikijunior:Ancient_Civilizations/Egyptians::2,0.33,0.45454545454545453,5,11,0.3008130081300813
en,https://en.wikivoyage.org/wiki/Travel_in_developing_countries::2,0.33,0.46153846153846156,6,13,0.30303030303030304
en,https://en.wikivoyage.org/wiki/Water::1,0.33,0.5,7,14,0.2903225806451613
en,https://en.wikinews.org/wiki/Golf_and_rugby_set_to_return_to_the_Olympic_Games::2,0.33,0.2,4,20,0.3018867924528302
en,https://en.wikibooks.org/wiki/Coaching_Youth_Middle_Distance_Runners/Training::1,0.33,0.3333333333333333,5,15,0.29508196721311475
en,https://en.wikibooks.org/wiki/Wikijunior:Ancient_Civilizations/Hebrews::1,0.33,0.3076923076923077,4,13,0.2876712328767123
en,https://en.wikinews.org/wiki/Saturn%27s_moon_Titan_hosts_liquid_lakes_and_rivers::2,0.33,0.36666666666666664,11,30,0.3246753246753247
en,https://en.wikinews.org/wiki/Toronto_team-led_research_on_Type_1_Diabetes_%27groundbreaking%27::1,0.33,0.23076923076923078,3,13,0.32673267326732675
en,https://en.wikibooks.org/wiki/Animal_Behavior/Population_Genetics::2,0.33,0.375,6,16,0.2857142857142857
en,https://en.wikinews.org/wiki/Edmonton_prison_conflict_wounds_eight::2,0.33,0.26666666666666666,4,15,0.3644859813084112
en,https://en.wikinews.org/wiki/Burning_debris_from_satellites_spotted_over_several_US_cities::1,0.33,0.8333333333333334,5,6,0.3333333333333333
en,https://en.wikibooks.org/wiki/The_Seven_Wonders_of_the_World/The_Temple_of_Artemis::2,0.33,0.2727272727272727,3,11,0.30708661417322836
en,https://en.wikibooks.org/wiki/American_Revolution/The_Declaration_of_Independence::1,0.33,0.25,4,16,0.36363636363636365
en,https://en.wikinews.org/wiki/Italy_arrests_reputed_Mafia_boss_Lo_Piccolo::2,0.33,0.35,7,20,0.3384615384615385
en,https://en.wikivoyage.org/wiki/Hostels::1,0.33,0.42857142857142855,3,7,0.28888888888888886
en,https://en.wikinews.org/wiki/8.0_magnitude_earthquake_occurs_near_Tonga::2,0.33,0.2777777777777778,5,18,0.29411764705882354
en,https://en.wikinews.org/wiki/UK_threat_level_reduced_to_%27severe%27::1,0.33,0.5,4,8,0.28205128205128205
en,"https://en.wikinews.org/wiki/Crossing_guard_killed_by_truck_in_Glasgow,_Scotland::1",0.33,0.391304347826087,9,23,0.3163265306122449
en,https://en.wikibooks.org/wiki/Wikijunior:Solar_System/Space_exploration::1,0.33,0.25,3,12,0.3020833333333333
en,https://en.wikinews.org/wiki/24_people_rescued_from_roller_coaster_at_California%27s_Great_America_theme_park::1,0.33,0.3793103448275862,11,29,0.30666666666666664
en,https://en.wikivoyage.org/wiki/Internet_telephony::2,0.33,0.375,6,16,0.2912621359223301
en,https://en.wikibooks.org/wiki/Wikijunior:Big_Cats/Tiger::1,0.33,0.2857142857142857,2,7,0.2916666666666667
en,https://en.wikinews.org/wiki/Young_motorcycle_racer_Peter_Lenz_dies_in_race_crash_aged_13::1,0.33,0.3333333333333333,3,9,0.2926829268292683
en,https://en.wikivoyage.org/wiki/Boating_on_the_Baltic_Sea::2,0.33,0.5833333333333334,7,12,0.32
en,https://en.wikibooks.org/wiki/Basic_Physics_of_Digital_Radiography/The_Computer::2,0.33,0.375,3,8,0.3064516129032258
en,https://en.wikibooks.org/wiki/Wikijunior:Dinosaurs/Extinction::2,0.33,0.13333333333333333,2,15,0.3
en,https://en.wikibooks.org/wiki/Wikijunior:United_States_Charters_of_Freedom/Declaration_of_Independence::1,0.33,0.36363636363636365,4,11,0.33557046979865773
en,https://en.wikibooks.org/wiki/Wikijunior:World_War_II/Battle_of_Britain::1,0.33,0.34782608695652173,8,23,0.29914529914529914
en,https://en.wikibooks.org/wiki/Golf::1,0.33,0.17647058823529413,3,17,0.313953488372093
en,https://en.wikibooks.org/wiki/Wikijunior:How_Things_Work/Computer::1,0.33,0.23076923076923078,3,13,0.2708333333333333
en,"https://en.wikinews.org/wiki/Red_tide_affects_South_Padre_Island,_Mexico::1",0.33,0.6,3,5,0.3118279569892473
en,https://en.wikinews.org/wiki/Cosmonaut_Alexei_Leonov_dies_at_age_85::2,0.33,1.0,2,2,0.28448275862068967
en,"https://en.wikinews.org/wiki/No_bomb_threat,_hijacking_of_plane_in_China%27s_Xinjiang_region_according_to_Afghan_officials::2",0.33,0.2727272727272727,6,22,0.31666666666666665
en,https://en.wikivoyage.org/wiki/Galapagos_Islands::1,0.33,0.175,7,40,0.34782608695652173
en,https://en.wikivoyage.org/wiki/Travelling_around_the_Schengen_Area::1,0.33,0.5,6,12,0.29357798165137616
en,https://en.wikinews.org/wiki/Trade_hall_roof_collapses_in_Poland::1,0.33,0.4,2,5,0.29411764705882354
en,https://en.wikinews.org/wiki/Teen_post_officer_hides_400_New_Year_cards_in_Japanese_snow::1,0.33,0.4444444444444444,4,9,0.36363636363636365
en,"https://en.wikinews.org/wiki/Phone_threat_closes_tunnels,_snarls_traffic_in_Baltimore,_Maryland::2",0.33,0.5,4,8,0.3382352941176471
en,https://en.wikivoyage.org/wiki/Staycation::1,0.33,0.4074074074074074,11,27,0.2857142857142857
en,https://en.wikivoyage.org/wiki/Yellowstone_National_Park::2,0.33,0.24,6,25,0.2986111111111111
en,https://en.wikinews.org/wiki/Bali_climate_change_conference_begins::2,0.33,0.4,2,5,0.2898550724637681
en,https://en.wikibooks.org/wiki/History_of_Islam/Early_Islam::1,0.33,0.23529411764705882,8,34,0.31125827814569534
en,https://en.wikinews.org/wiki/Brazilian_footballer_Gabriel_Jesus_signs_contract_extension_with_Manchester_City::2,0.33,0.4,8,20,0.35294117647058826
en,https://en.wikivoyage.org/wiki/Advice_for_nervous_flyers::1,0.33,0.28125,9,32,0.2826086956521739
en,https://en.wikinews.org/wiki/A_5.6_Richter_quake_hits_Western_Montana::1,0.33,0.625,5,8,0.34210526315789475
en,https://en.wikivoyage.org/wiki/Wildlife_photography::1,0.33,0.8333333333333334,5,6,0.28695652173913044
en,https://en.wikibooks.org/wiki/Social_and_Cultural_Foundations_of_American_Education/Technology/Role::1,0.33,0.2608695652173913,6,23,0.31451612903225806
en,https://en.wikibooks.org/wiki/Exercise_as_it_relates_to_Disease/Physical_activity_effect_on_mental_health_in_people_with_chronic_lower_back_pain::1,0.33,0.2,3,15,0.2916666666666667
en,https://en.wikivoyage.org/wiki/Bread_and_confectionery::2,0.33,0.2857142857142857,2,7,0.3055555555555556
en,https://en.wikinews.org/wiki/Nathalie_Carpanedo_finishes_wild_card_run_at_2013_IPC_Alpine_World_Championships::1,0.33,0.16666666666666666,2,12,0.36477987421383645
en,https://en.wikivoyage.org/wiki/Charlotte_with_children::1,0.33,0.4,4,10,0.31932773109243695
en,https://en.wikibooks.org/wiki/Wikijunior:South_America/The_Amazon::1,0.33,0.375,3,8,0.3368421052631579
en,https://en.wikibooks.org/wiki/European_History/World_War_I::2,0.33,0.35,7,20,0.2967032967032967
en,https://en.wikivoyage.org/wiki/Round_the_world_flights::2,0.33,0.16666666666666666,1,6,0.3153153153153153
en,https://en.wikibooks.org/wiki/Introduction_to_Sociology/Society::2,0.33,0.2222222222222222,2,9,0.2839506172839506
en,https://en.wikinews.org/wiki/New_Australian_Prime_Minister_signs_Kyoto::2,0.33,0.0,0,5,0.2898550724637681
en,https://en.wikivoyage.org/wiki/Mobile_phones::1,0.33,0.1111111111111111,2,18,0.2978723404255319
en,https://en.wikinews.org/wiki/Canadian_Prime_Minister_Harper_agrees_to_send_%27Clean_Air_Act%27_to_committee::2,0.33,0.3333333333333333,8,24,0.2988505747126437
en,https://en.wikibooks.org/wiki/Wikijunior:Biology/Origin_of_Life::1,0.33,0.3,9,30,0.29292929292929293
en,https://en.wikivoyage.org/wiki/Cross_country_skiing::1,0.33,0.3076923076923077,4,13,0.30392156862745096
en,https://en.wikibooks.org/wiki/Animal_Behavior/Biological_Rhythms::1,0.33,0.3333333333333333,7,21,0.2875
en,https://en.wikivoyage.org/wiki/Sundarbans_National_Park::1,0.33,0.2222222222222222,2,9,0.3592814371257485
en,https://en.wikivoyage.org/wiki/Noum%C3%A9a::1,0.33,0.5,3,6,0.26717557251908397
en,https://en.wikibooks.org/wiki/Wikijunior:Languages/Hindi::2,0.33,0.5454545454545454,6,11,0.31313131313131315
en,https://en.wikivoyage.org/wiki/Culture_shock::1,0.33,0.4,2,5,0.2796610169491525
en,https://en.wikinews.org/wiki/The_Onion:_An_interview_with_%27America%27s_Finest_News_Source%27::1,0.33,0.28125,9,32,0.3212121212121212
en,https://en.wikinews.org/wiki/Anti-ACTA_activists_protest_across_Europe::2,0.33,0.36363636363636365,4,11,0.29411764705882354
en,https://en.wikinews.org/wiki/Senate_questions_Roberts_in_confirmation_hearings::1,0.33,0.18181818181818182,2,11,0.2872340425531915
en,https://en.wikibooks.org/wiki/Introduction_to_Sociology/Race_and_Ethnicity::2,0.33,0.5,2,4,0.26785714285714285
en,https://en.wikivoyage.org/wiki/Bed_and_breakfasts::1,0.33,0.13333333333333333,2,15,0.26732673267326734
en,https://en.wikinews.org/wiki/UK_government_outlines_plans_for_rail_transport::1,0.33,0.3333333333333333,1,3,0.3902439024390244
en,https://en.wikinews.org/wiki/Russian_military_cargo_jet_crash_kills_eleven_in_Siberia::1,0.33,0.2857142857142857,2,7,0.35714285714285715
en,https://en.wikibooks.org/wiki/Wikijunior:Asia/Bhutan::1,0.33,0.3,6,20,0.3412698412698413
en,https://en.wikinews.org/wiki/FAA:_Metroplex_NextGen_project_in_place_in_north_Texas::2,0.33,0.1,1,10,0.2786885245901639
en,https://en.wikivoyage.org/wiki/Antarctica::1,0.33,0.0,0,3,0.30434782608695654
en,https://en.wikibooks.org/wiki/How_to_Play_Violin/Bowing::1,0.33,0.25,7,28,0.3135593220338983
en,https://en.wikinews.org/wiki/Naked_News_to_create_international_language_editions::1,0.33,0.3125,5,16,0.2909090909090909
en,https://en.wikibooks.org/wiki/Pakistani_History/Prehistory/Bronze_Age/Indus_Valley_Civilization::2,0.33,0.26666666666666666,4,15,0.3418803418803419
en,https://en.wikibooks.org/wiki/Sensory_Systems/Visual_System::1,0.33,0.42857142857142855,6,14,0.2894736842105263
en,https://en.wikinews.org/wiki/Nationalised_bank_Northern_Rock_sold_to_Virgin_Money::1,0.33,0.3125,5,16,0.3445378151260504
en,https://en.wikinews.org/wiki/Typhoon_prompts_massive_evacuations_in_China::1,0.33,0.3,3,10,0.3488372093023256
en,https://en.wikibooks.org/wiki/Wikijunior:Languages/Sanskrit::2,0.33,0.45454545454545453,5,11,0.2972972972972973
en,https://en.wikibooks.org/wiki/Wikijunior:Europe/Luxembourg::2,0.33,0.35714285714285715,5,14,0.3488372093023256
en,https://en.wikibooks.org/wiki/Wikijunior:Ancient_Civilizations/Romans::1,0.33,0.15,3,20,0.2900763358778626
en,https://en.wikinews.org/wiki/Explorers_find_shipwreck_thought_to_be_massive_WWII_battleship_Musashi::1,0.33,0.3333333333333333,2,6,0.3076923076923077
en,https://en.wikibooks.org/wiki/The_Organ_Systems/nervous::1,0.33,0.2222222222222222,4,18,0.3137254901960784
en,https://en.wikibooks.org/wiki/Introductory_Tourism::2,0.33,0.2631578947368421,5,19,0.28695652173913044
en,https://en.wikinews.org/wiki/Two-day_bird_flu_conference_draws_$1.9_billion_in_pledges::1,0.33,0.38461538461538464,5,13,0.2948717948717949
en,https://en.wikinews.org/wiki/Distributed_computing_to_get_%22interstellar_project%22::1,0.33,0.29411764705882354,10,34,0.3103448275862069
en,https://en.wikinews.org/wiki/US_officials_flood_Grand_Canyon_to_restore_ecosystem::1,0.33,0.08333333333333333,1,12,0.2978723404255319
en,https://en.wikivoyage.org/wiki/Alcoholic_beverages::2,0.33,0.0,0,5,0.2714285714285714
en,https://en.wikibooks.org/wiki/History_of_Technology/Cultural_Determinism::1,0.33,0.75,3,4,0.2916666666666667
en,https://en.wikinews.org/wiki/Seven_caves_found_on_Mars:_NASA::2,0.33,0.29411764705882354,5,17,0.3082706766917293
en,https://en.wikivoyage.org/wiki/Aggregators::2,0.33,0.4,4,10,0.3076923076923077
en,https://en.wikivoyage.org/wiki/Canyoning::2,0.33,0.25,2,8,0.2318840579710145
en,https://en.wikinews.org/wiki/Parts_of_New_Orleans_flood_again::1,0.33,0.25,1,4,0.3188405797101449
en,https://en.wikivoyage.org/wiki/Downhill_snowsports::2,0.33,0.3076923076923077,4,13,0.34146341463414637
en,https://en.wikivoyage.org/wiki/Travellers%27_diarrhea::2,0.33,0.21052631578947367,4,19,0.2809917355371901
en,https://en.wikibooks.org/wiki/American_Revolution/The_Battles_of_Trenton_and_Princeton::2,0.33,0.5,2,4,0.3629032258064516
en,https://en.wikinews.org/wiki/Apple_introduces_iPhone_and_Apple_TV::2,0.33,0.3103448275862069,9,29,0.3076923076923077
en,https://en.wikivoyage.org/wiki/Regional_coding::2,0.33,0.14285714285714285,1,7,0.3108108108108108
en,https://en.wikibooks.org/wiki/Wikijunior:How_Things_Work/Nuclear_Bomb::1,0.33,0.0,0,11,0.30434782608695654
en,https://en.wikibooks.org/wiki/Applied_Ecology/New_Societies_and_Cultures::1,0.33,0.42857142857142855,3,7,0.3058823529411765
en,https://en.wikinews.org/wiki/Scientists_report_two_life-saving_treatments_for_Ebola::2,0.33,0.25,6,24,0.313953488372093
en,https://en.wikivoyage.org/wiki/Budget_travel::2,0.33,0.4166666666666667,5,12,0.2777777777777778
en,https://en.wikibooks.org/wiki/Wikijunior:Biology/Kingdoms/Animals::2,0.33,0.16666666666666666,2,12,0.27941176470588236
en,https://en.wikibooks.org/wiki/Wikijunior:Big_Cats/Lion::2,0.33,0.36363636363636365,8,22,0.2717391304347826
en,https://en.wikinews.org/wiki/USA_Gymnastics_board_resigning_after_sex_abuse::2,0.33,0.23076923076923078,3,13,0.2893081761006289
en,"https://en.wikinews.org/wiki/Beverly_Hall,_indicted_public_school_superintendent,_dies_aged_68::2",0.33,0.2222222222222222,2,9,0.3416666666666667
en,https://en.wikivoyage.org/wiki/Caucasus::2,0.33,0.23076923076923078,3,13,0.3125
en,https://en.wikivoyage.org/wiki/Gambling::1,0.33,0.5,3,6,0.2857142857142857
en,https://en.wikivoyage.org/wiki/Maori_culture::2,0.33,0.21739130434782608,5,23,0.2972972972972973
en,https://en.wikibooks.org/wiki/Philippine_History/The_Philippine-American_War::1,0.33,0.21052631578947367,4,19,0.2978723404255319
en,https://en.wikinews.org/wiki/Hungary%27s_St_Stephen%27s_Day_hit_by_storm:_3_left_dead::1,0.33,0.26666666666666666,4,15,0.31683168316831684
en,https://en.wikivoyage.org/wiki/Border_crossing::1,0.33,0.3,6,20,0.3055555555555556
en,https://en.wikinews.org/wiki/Scientists_say_new_medical_diagnostic_chip_can_sort_cells_anywhere_with_an_inkjet::1,0.33,0.4375,7,16,0.3
en,https://en.wikinews.org/wiki/German_judge_orders_life_sentence_for_nation%27s_%27first_Islamic-motivated_terror_attack%27::1,0.33,0.7,7,10,0.32673267326732675
en,https://en.wikinews.org/wiki/Japanese_Olympic_judoka_Hitoshi_Saito_dies_aged_54::1,0.33,0.5833333333333334,7,12,0.28
en,https://en.wikinews.org/wiki/North_Korea_agrees_to_disable_its_main_nuclear_reactor::1,0.33,0.30434782608695654,7,23,0.29545454545454547
en,https://en.wikivoyage.org/wiki/Vancouver::1,0.33,0.375,3,8,0.288135593220339
en,https://en.wikivoyage.org/wiki/Astronomy::2,0.33,0.42857142857142855,6,14,0.2916666666666667
en,https://en.wikivoyage.org/wiki/San_Francisco::2,0.33,0.4375,7,16,0.24770642201834864
en,https://en.wikibooks.org/wiki/All_About_Converting_From_Several_Video_Formats_To_DVD::2,0.33,0.26666666666666666,4,15,0.2962962962962963
en,https://en.wikibooks.org/wiki/Wikijunior:World_War_II/Submarines::1,0.33,0.25,5,20,0.3046875
en,https://en.wikinews.org/wiki/Fighter_jet_crashes_during_Children%27s_Day_airshow_in_Thailand::2,0.33,0.0,0,6,0.3709677419354839
en,https://en.wikinews.org/wiki/Michael_Schumacher_calls_off_Formula_1_comeback_due_to_injury::2,0.33,0.4444444444444444,4,9,0.359375
en,https://en.wikibooks.org/wiki/Environmental_theory_and_collection_of_ideas/Environmentalism_and_survival::1,0.33,0.2608695652173913,6,23,0.2777777777777778
en,https://en.wikivoyage.org/wiki/Walt_Disney_World::2,0.33,0.25,1,4,0.31092436974789917
en,https://en.wikivoyage.org/wiki/Kruger_National_Park::2,0.33,0.6666666666666666,2,3,0.3150684931506849
en,https://en.wikinews.org/wiki/Khyber_Pakhtunkhwa_Provincial_Assembly_votes_to_merge_with_Pakistani_Federally_Administered_Tribal_Areas::1,0.33,0.3,3,10,0.3392857142857143
en,https://en.wikibooks.org/wiki/Wikijunior:Ancient_Civilizations/Greeks::1,0.33,0.5,2,4,0.3229166666666667
en,https://en.wikivoyage.org/wiki/Victoria_Falls::1,0.33,0.20833333333333334,5,24,0.26618705035971224
en,https://en.wikibooks.org/wiki/Wikijunior:How_Things_Work/Time::2,0.33,0.09090909090909091,1,11,0.28431372549019607
en,https://en.wikivoyage.org/wiki/West_Africa::2,0.33,0.35714285714285715,5,14,0.2773109243697479
en,https://en.wikivoyage.org/wiki/Birdwatching::2,0.33,0.2857142857142857,2,7,0.3103448275862069
en,https://en.wikibooks.org/wiki/Wikijunior:How_Things_Work/Light_Bulb::2,0.33,0.14285714285714285,2,14,0.2857142857142857
en,https://en.wikivoyage.org/wiki/French_phrasebook::1,0.33,0.0,0,8,0.2980769230769231
en,"https://en.wikinews.org/wiki/Car_crashes_into_house_in_Suffolk,_UK,_seriously_injuring_man::1",0.33,0.42857142857142855,9,21,0.34146341463414637
en,https://en.wikibooks.org/wiki/Cognitive_Psychology_and_Cognitive_Neuroscience/Evolutionary_Perspective_on_Social_Cognitions::2,0.33,0.3,3,10,0.28205128205128205
en,https://en.wikivoyage.org/wiki/Music_festival_circuit::1,0.33,0.2,2,10,0.297029702970297
en,https://en.wikinews.org/wiki/Rare_Middle_East_cyclone_batters_Oman::2,0.33,0.375,3,8,0.31666666666666665
en,https://en.wikibooks.org/wiki/First_Aid/Poisoning::1,0.33,0.35,7,20,0.27586206896551724
en,https://en.wikibooks.org/wiki/Social_and_Cultural_Foundations_of_American_Education/Technology/Social_Media::2,0.33,0.1,1,10,0.30158730158730157
en,https://en.wikibooks.org/wiki/Wikijunior:How_Things_Work/Flush_Toilet::1,0.33,0.2857142857142857,4,14,0.3333333333333333
en,https://en.wikinews.org/wiki/India_struggles_with_encephalitis_outbreak::2,0.33,0.3076923076923077,4,13,0.31092436974789917
en,https://en.wikinews.org/wiki/Sandra_Fluke_insists_she_will_not_be_silenced::1,0.33,0.2857142857142857,4,14,0.2909090909090909
en,https://en.wikivoyage.org/wiki/Horse_riding::2,0.33,0.35714285714285715,5,14,0.2765957446808511
en,https://en.wikibooks.org/wiki/High_School_Earth_Science/Telescopes::1,0.33,0.38461538461538464,5,13,0.32142857142857145
en,"https://en.wikinews.org/wiki/Strong_6.3_earthquake_reported_in_Sumatra,_Indonesia::1",0.33,0.4444444444444444,4,9,0.3333333333333333
en,https://en.wikibooks.org/wiki/Fencing::1,0.33,0.3076923076923077,4,13,0.325
en,https://en.wikinews.org/wiki/Seven_killed_in_Chinese_bombing::1,0.33,0.16666666666666666,1,6,0.288135593220339
en,https://en.wikivoyage.org/wiki/Chile::2,0.33,0.3,3,10,0.3142857142857143
en,https://en.wikivoyage.org/wiki/Thimphu::2,0.33,0.3157894736842105,6,19,0.325
en,https://en.wikinews.org/wiki/New_fossils_from_10_million_year_old_ape_found_in_Ethiopia::2,0.33,0.2222222222222222,2,9,0.3333333333333333
en,https://en.wikinews.org/wiki/Cholera_outbreak_hits_Angola::1,0.33,0.0,0,7,0.3181818181818182
en,https://en.wikinews.org/wiki/Funeral_of_Pope_John_Paul_II_takes_place::2,0.33,0.6,3,5,0.29347826086956524
en,https://en.wikivoyage.org/wiki/Rock_climbing::1,0.33,0.0,0,4,0.31666666666666665
en,https://en.wikinews.org/wiki/Nadal_beats_Raonic_to_reach_Australian_Open_semis::2,0.33,0.5714285714285714,4,7,0.3373493975903614
en,https://en.wikivoyage.org/wiki/Flying_to_Africa::1,0.33,0.2608695652173913,6,23,0.33636363636363636
en,https://en.wikivoyage.org/wiki/Hospitality_exchange::2,0.33,0.2857142857142857,6,21,0.31896551724137934
en,https://en.wikinews.org/wiki/Bomb_blasts_kill_several_in_Iran::1,0.33,0.3333333333333333,5,15,0.2777777777777778
en,https://en.wikibooks.org/wiki/Wikijunior:World_Heritage_Sites/Serengeti::2,0.33,0.05263157894736842,1,19,0.34408602150537637
en,https://en.wikibooks.org/wiki/Fundamentals_of_Transportation/Introduction::2,0.33,0.16666666666666666,1,6,0.2727272727272727
en,https://en.wikibooks.org/wiki/Wikijunior:How_Things_Work/Laser::1,0.33,0.4,10,25,0.2672413793103448
en,https://en.wikibooks.org/wiki/Wikijunior:Biology/Cells::1,0.33,0.3333333333333333,3,9,0.27906976744186046
en,https://en.wikinews.org/wiki/Photojournalist_photographing_Justin_Bieber%27s_car_run_over_by_another_vehicle::2,0.33,0.375,3,8,0.2962962962962963
en,"https://en.wikinews.org/wiki/Benin,_Nigeria_join_African_Union_continental_free_trade_bloc::1",0.33,0.2727272727272727,3,11,0.32894736842105265
en,https://en.wikinews.org/wiki/Nintendo_unveils_controller_for_Revolution_console::2,0.33,0.42857142857142855,6,14,0.28205128205128205
en,https://en.wikibooks.org/wiki/Basic_Physics_of_Digital_Radiography/The_Basics::2,0.33,0.3333333333333333,3,9,0.3333333333333333
en,https://en.wikinews.org/wiki/Amazon_to_buy_smart_doorbell_startup_Ring::2,0.33,0.21428571428571427,3,14,0.32989690721649484
en,https://en.wikivoyage.org/wiki/Hong_Kong::1,0.33,0.25806451612903225,8,31,0.3037037037037037
en,"https://en.wikinews.org/wiki/Aerosmith_sued_over_late_cancellation_of_gig_in_Maui,_Hawaii::1",0.33,0.6,6,10,0.2833333333333333
en,https://en.wikivoyage.org/wiki/Guanajuato::1,0.33,0.2857142857142857,2,7,0.31746031746031744
en,https://en.wikivoyage.org/wiki/Streymoy::1,0.33,0.3076923076923077,4,13,0.375
en,https://en.wikinews.org/wiki/Iranian_passenger_jet%27s_wheel_catches_fire::1,0.33,0.2727272727272727,3,11,0.2857142857142857
en,https://en.wikinews.org/wiki/Philae_space_probe_lands_on_comet::1,0.33,0.25,1,4,0.3
en,https://en.wikibooks.org/wiki/Introduction_to_Paleoanthropology/Bones::1,0.33,0.45454545454545453,10,22,0.32978723404255317
en,"https://en.wikinews.org/wiki/Hong_Kong_tourists_held_hostage_in_the_Philippines,_nine_killed::2",0.33,0.13333333333333333,2,15,0.28421052631578947
en,https://en.wikivoyage.org/wiki/Barcelona::1,0.33,0.1,1,10,0.29245283018867924
en,https://en.wikivoyage.org/wiki/Grand_Canyon::2,0.33,0.42857142857142855,3,7,0.3277310924369748
en,https://en.wikivoyage.org/wiki/Studying_abroad::1,0.33,0.3469387755102041,17,49,0.2857142857142857
en,https://en.wikinews.org/wiki/War_between_top_lawyers_in_Greece::1,0.33,0.5,2,4,0.35119047619047616
en,https://en.wikibooks.org/wiki/Introduction_to_Sociology/Culture::1,0.33,0.22727272727272727,5,22,0.27358490566037735
en,https://en.wikinews.org/wiki/New_South_Wales_government_starts_trial_of_hunting_in_national_parks::1,0.33,0.36363636363636365,4,11,0.30612244897959184
en,https://en.wikinews.org/wiki/French_campaigning_film_director_Ren%C3%A9_Vautier_dies::2,0.33,0.0,0,9,0.3026315789473684
en,https://en.wikivoyage.org/wiki/German_phrasebook::2,0.33,0.2857142857142857,6,21,0.3
en,https://en.wikinews.org/wiki/EBay_to_acquire_Skype::1,0.33,1.0,1,1,0.2926829268292683
en,https://en.wikinews.org/wiki/Spanish_football_captain_dies_at_26::2,0.33,0.4375,7,16,0.32727272727272727
en,https://en.wikibooks.org/wiki/Warfare::2,0.33,0.4,18,45,0.3076923076923077
en,https://en.wikinews.org/wiki/Building_collapses_in_Mecca_at_eve_of_Hajj_pillgrimage::1,0.33,0.45454545454545453,5,11,0.30666666666666664
en,https://en.wikinews.org/wiki/Haitian_cholera_victims_threaten_United_Nations_with_lawsuit::2,0.33,0.2631578947368421,5,19,0.3194444444444444
en,https://en.wikinews.org/wiki/Icelandic_Hekla_volcano_shows_signs_of_activity::1,0.33,0.16129032258064516,5,31,0.3106796116504854
en,"https://en.wikinews.org/wiki/Sun%27s_mood_swings_not_so_strange_after_all,_say_scientists::2",0.33,0.3076923076923077,4,13,0.2926829268292683
en,https://en.wikivoyage.org/wiki/Travel_agencies::1,0.33,0.36,9,25,0.29523809523809524
en,https://en.wikibooks.org/wiki/Introduction_to_Paleoanthropology/Genetics/Introduction::1,0.33,0.2222222222222222,2,9,0.3090909090909091
en,https://en.wikinews.org/wiki/Texas_governor_and_health_officials_address_public_regarding_Ebola_case::2,0.33,0.5,2,4,0.29
en,https://en.wikibooks.org/wiki/Castles_of_England/The_Development_of_the_Castle::1,0.33,0.4444444444444444,8,18,0.30612244897959184
en,https://en.wikivoyage.org/wiki/Moldova::1,0.33,0.20833333333333334,5,24,0.34579439252336447
en,https://en.wikinews.org/wiki/Apple_Japan_to_replace_overheating_iPod_Nanos::2,0.33,0.0,0,4,0.27722772277227725
en,https://en.wikivoyage.org/wiki/Sleep::1,0.33,0.5555555555555556,5,9,0.2734375
en,https://en.wikibooks.org/wiki/Wikijunior:Ancient_Civilizations/Assyrians::1,0.33,0.14285714285714285,1,7,0.3333333333333333
en,https://en.wikivoyage.org/wiki/Tornado_safety::2,0.33,0.15384615384615385,2,13,0.3194444444444444
en,https://en.wikivoyage.org/wiki/Travel_photography/Film::1,0.33,0.38461538461538464,5,13,0.36538461538461536
en,https://en.wikibooks.org/wiki/French_Revolution/Effects::1,0.33,0.1724137931034483,5,29,0.3177570093457944
en,https://en.wikivoyage.org/wiki/War_zone_safety::2,0.33,0.36363636363636365,8,22,0.29906542056074764
en,https://en.wikibooks.org/wiki/Wikijunior:Europe/Turkey::1,0.33,0.125,1,8,0.3559322033898305
en,https://en.wikibooks.org/wiki/Cognitive_Psychology_and_Cognitive_Neuroscience/Behavioural_and_Neuroscience_Methods::1,0.33,0.4166666666666667,5,12,0.3082191780821918
en,https://en.wikinews.org/wiki/Tennis:_Andy_Murray_wins_Montreal_Masters_2009::1,0.33,0.3448275862068966,10,29,0.3333333333333333
en,https://en.wikivoyage.org/wiki/Japan%27s_Top_100_Cherry_Blossom_Spots::1,0.33,0.6666666666666666,4,6,0.3076923076923077
en,https://en.wikibooks.org/wiki/Blended_Learning_in_K-12/Blended_Learning_in_Grades_9-12::2,0.33,0.3,6,20,0.3090909090909091
en,https://en.wikinews.org/wiki/Judge_orders_Baltimore_City_prison_to_produce_plan_for_improvement::1,0.33,0.5,3,6,0.319672131147541
en,https://en.wikinews.org/wiki/US_Navy_ship_damages_Tubbataha_Reef_National_Park::1,0.33,0.375,3,8,0.2976190476190476
en,https://en.wikinews.org/wiki/Women%E2%80%99s_boxing_to_be_included_in_the_2012_Olympics_for_the_first_time::2,0.33,0.3076923076923077,4,13,0.31746031746031744
en,https://en.wikivoyage.org/wiki/New_Mexico_Pueblos::2,0.33,0.11764705882352941,2,17,0.29464285714285715
en,https://en.wikinews.org/wiki/Leak_suggests_John_Kerry_will_recognise_Israel_as_Jewish_state::2,0.33,0.3103448275862069,9,29,0.2857142857142857
en,https://en.wikibooks.org/wiki/High_School_Earth_Science/Storms::2,0.33,0.6666666666666666,2,3,0.32894736842105265
en,https://en.wikinews.org/wiki/China_promises_cut_in_carbon_dioxide_emissions::2,0.33,0.2222222222222222,2,9,0.30303030303030304
en,https://en.wikibooks.org/wiki/Yoga/Yoga_Tales::1,0.33,0.23809523809523808,5,21,0.31451612903225806
en,https://en.wikinews.org/wiki/President_of_Costa_Rica_contracts_H1N1_swine_flu::1,0.33,0.2727272727272727,6,22,0.27710843373493976
en,https://en.wikibooks.org/wiki/Wikijunior:Dinosaurs/Triceratops::1,0.33,0.29411764705882354,5,17,0.3088235294117647
en,https://en.wikinews.org/wiki/Doctor_to_be_charged_after_mother%27s_death_in_Ohio::2,0.33,0.35,7,20,0.3561643835616438
en,https://en.wikivoyage.org/wiki/Cascais::1,0.33,0.2,3,15,0.32098765432098764
en,https://en.wikivoyage.org/wiki/Salar_de_Uyuni::2,0.33,0.6666666666666666,12,18,0.3037974683544304
en,https://en.wikinews.org/wiki/France_issues_pollution_alert_as_ship_splits_off_Basque_coast::1,0.33,0.2222222222222222,2,9,0.35135135135135137
en,https://en.wikibooks.org/wiki/History_of_Technology/Technological_Determinism::1,0.33,0.14285714285714285,2,14,0.3068181818181818
en,https://en.wikibooks.org/wiki/Remembering_the_Templars::2,0.33,0.4444444444444444,8,18,0.34065934065934067
en,https://en.wikibooks.org/wiki/Wikijunior:Bugs/Insects_Intro::1,0.33,0.15384615384615385,2,13,0.3037974683544304
en,"https://en.wikinews.org/wiki/Sam_Simon,_%27The_Simpsons%27_co-creator,_dies_aged_59::2",0.33,0.2631578947368421,5,19,0.34782608695652173
en,https://en.wikibooks.org/wiki/Wikijunior:Solar_System/Jupiter/Io::1,0.33,0.44,11,25,0.3181818181818182
en,https://en.wikinews.org/wiki/Akayev_flees_Kyrgyzstan_as_protesters_seize_control_of_Bishkek::2,0.33,0.36363636363636365,4,11,0.28378378378378377
en,https://en.wikivoyage.org/wiki/Talk::1,0.33,0.5,2,4,0.3153846153846154
en,https://en.wikivoyage.org/wiki/Mallorca::1,0.33,0.2916666666666667,7,24,0.2571428571428571
en,"https://en.wikinews.org/wiki/Large_earthquake_off_Japan,_tsunami_warning_issued::1",0.33,0.25,3,12,0.3669724770642202
en,https://en.wikinews.org/wiki/Electronic_voting_disputed_in_France::2,0.33,0.14285714285714285,2,14,0.29577464788732394
en,https://en.wikibooks.org/wiki/Modern_Photography/Lenses::1,0.33,0.38095238095238093,8,21,0.308411214953271
en,https://en.wikibooks.org/wiki/Wikijunior:World_Heritage_Sites/Pyramids_of_Giza::1,0.33,0.2727272727272727,3,11,0.3090909090909091
en,https://en.wikinews.org/wiki/Microsoft_and_Yahoo_team_up_to_make_IM_clients_compatible::2,0.33,0.5,2,4,0.3114754098360656
en,https://en.wikivoyage.org/wiki/Falkland_Islands::2,0.33,0.35,7,20,0.30656934306569344
en,https://en.wikivoyage.org/wiki/Funeral_travel::2,0.33,0.08333333333333333,1,12,0.28125
en,https://en.wikinews.org/wiki/Hurricane_Fred_churns_the_Atlantic::2,0.33,0.2,1,5,0.3263157894736842
en,https://en.wikivoyage.org/wiki/Southern_Africa::1,0.33,0.6,6,10,0.3305084745762712
en,"https://en.wikinews.org/wiki/Karzai_declared_winner_of_Afghan_elections,_runoff_polls_cancelled::1",0.33,0.29411764705882354,10,34,0.3076923076923077
en,https://en.wikivoyage.org/wiki/GPS_navigation::2,0.33,0.2916666666666667,7,24,0.2857142857142857
en,https://en.wikibooks.org/wiki/Coaching_Youth_Middle_Distance_Runners/Nutrition::2,0.33,0.23333333333333334,7,30,0.3018867924528302
en,https://en.wikibooks.org/wiki/Ancient_China/Government::1,0.33,0.23076923076923078,3,13,0.29914529914529914
en,https://en.wikinews.org/wiki/Australian_treasurer_enters_nuclear_debate::2,0.33,0.42857142857142855,3,7,0.27380952380952384
en,https://en.wikinews.org/wiki/Sealing_ships_trapped_in_ice_off_coast_of_Newfoundland::2,0.33,0.5,4,8,0.3389830508474576
en,https://en.wikivoyage.org/wiki/Casablanca::1,0.33,0.5555555555555556,5,9,0.3184713375796178
en,https://en.wikinews.org/wiki/Spanish_football:_Sevilla_signs_Aleix_Vidal_from_FC_Barcelona::2,0.33,0.375,3,8,0.2727272727272727
en,https://en.wikinews.org/wiki/IEEE_approves_802.11n_standard_after_six_years::2,0.33,0.5,4,8,0.28888888888888886
en,https://en.wikivoyage.org/wiki/Meteora::1,0.33,0.18181818181818182,4,22,0.2956521739130435
en,https://en.wikinews.org/wiki/Renault_F1_launch_criminal_complaint_against_former_driver_over_race-fixing_allegation::2,0.33,0.3333333333333333,3,9,0.323943661971831
en,https://en.wikinews.org/wiki/Space_station_crew_perform_successful_spacewalk::2,0.33,0.0,0,6,0.32786885245901637
en,https://en.wikibooks.org/wiki/Cognitive_Psychology_and_Cognitive_Neuroscience/Problem_Solving_from_an_Evolutionary_Perspective::2,0.33,0.5263157894736842,10,19,0.3063063063063063
en,https://en.wikibooks.org/wiki/Wikijunior:The_Elements/Hydrogen::2,0.33,0.2,3,15,0.2878787878787879
en,https://en.wikinews.org/wiki/2010_FIBA_World_Championship_starts::2,0.33,0.25,1,4,0.36
en,https://en.wikibooks.org/wiki/Wikijunior:Big_Cats/Ocelot::2,0.33,0.2857142857142857,6,21,0.28440366972477066
en,https://en.wikinews.org/wiki/South_Africa_end_All_Blacks%27_15-game_winning_streak::1,0.33,0.5,2,4,0.3135593220338983
en,https://en.wikivoyage.org/wiki/Hiking_destinations_in_Norway::1,0.33,0.29411764705882354,5,17,0.35064935064935066
en,https://en.wikinews.org/wiki/Another_arrest_in_Minnesota_school_shooting::2,0.33,0.3,3,10,0.32456140350877194
en,https://en.wikivoyage.org/wiki/Cold_weather::1,0.33,0.2631578947368421,5,19,0.2857142857142857
en,https://en.wikivoyage.org/wiki/Corcovado_National_Park::2,0.33,0.09090909090909091,2,22,0.33093525179856115
en,https://en.wikibooks.org/wiki/Wikijunior:Ancient_Civilizations/What_is_a_Civilization%3F::2,0.33,0.5,3,6,0.31666666666666665
en,https://en.wikibooks.org/wiki/Exercise_as_it_relates_to_Disease/Can_Exercise_Really_Help_Multiple_Sclerosis%3F::1,0.33,0.45,9,20,0.2875
en,https://en.wikivoyage.org/wiki/Winter_driving::1,0.33,0.3181818181818182,7,22,0.3
en,https://en.wikibooks.org/wiki/Goats/Introduction::1,0.33,0.35294117647058826,6,17,0.3118279569892473
en,https://en.wikinews.org/wiki/Australian_Big_Brother_cleared_of_breaching_content_laws::1,0.33,0.3333333333333333,3,9,0.296875
en,https://en.wikibooks.org/wiki/Coaching_Youth_Middle_Distance_Runners/Introduction::2,0.33,0.3333333333333333,4,12,0.2967032967032967
en,https://en.wikivoyage.org/wiki/Past_events/Wikimania_2018_Cape_Town_Guidebook::2,0.33,0.0,0,8,0.2948717948717949
en,https://en.wikivoyage.org/wiki/Hiking::1,0.33,0.42857142857142855,9,21,0.28735632183908044
en,https://en.wikinews.org/wiki/Fossilized_remains_of_small_dinosaur_rediscovered_in_Canada::1,0.33,0.6,3,5,0.3670886075949367
en,https://en.wikivoyage.org/wiki/Plitvice_Lakes_National_Park::2,0.33,0.2,1,5,0.32142857142857145
en,https://en.wikinews.org/wiki/US_helicopter_with_17_on_board_believed_to_have_been_shot_down_in_Afghanistan::2,0.33,0.4,2,5,0.2903225806451613
en,https://en.wikibooks.org/wiki/European_History/Challenges_to_Spiritual_Authority::1,0.33,0.19047619047619047,12,63,0.28225806451612906
en,"https://en.wikinews.org/wiki/Gas_explosion_reported_in_Hammersmith,_London::1",0.33,0.6,3,5,0.2826086956521739
en,https://en.wikivoyage.org/wiki/First_and_business_class_flights::1,0.33,0.125,1,8,0.29850746268656714
en,https://en.wikinews.org/wiki/West_Indies_wins_the_third_match_of_the_cricket_series_against_India::2,0.33,0.3333333333333333,3,9,0.37662337662337664
en,https://en.wikibooks.org/wiki/The_Cold_War/Hungarian_Revolution::1,0.33,0.2857142857142857,6,21,0.3488372093023256
en,https://en.wikinews.org/wiki/Susan_G._Komen_Foundation_stops_funding_to_Planned_Parenthood::2,0.33,0.42857142857142855,3,7,0.32142857142857145
en,https://en.wikivoyage.org/wiki/Visa::1,0.33,0.3888888888888889,7,18,0.27
en,https://en.wikinews.org/wiki/Iraq_Study_Group_Report:_Iraq_could_be_on_a_slide_towards_chaos::1,0.33,0.28,7,25,0.3237410071942446
en,https://en.wikivoyage.org/wiki/Travel_advisories::2,0.33,0.3,9,30,0.2897196261682243
en,https://en.wikinews.org/wiki/Former_U.S._National_Security_Advisor_Zbigniew_Brzezinski_dies_aged_89::1,0.33,0.2571428571428571,9,35,0.27692307692307694
en,https://en.wikibooks.org/wiki/Wikijunior:Solar_System/The_Sun::2,0.33,0.07142857142857142,1,14,0.30434782608695654
en,https://en.wikivoyage.org/wiki/Baltic_Sea_ferries::1,0.33,0.25,1,4,0.2765957446808511
en,https://en.wikivoyage.org/wiki/Air_courier::1,0.33,0.4166666666666667,5,12,0.26785714285714285
en,https://en.wikibooks.org/wiki/Sikhism::2,0.33,0.24,6,25,0.2932330827067669
en,https://en.wikibooks.org/wiki/Wikijunior:Solar_System/Moon::1,0.33,0.29545454545454547,13,44,0.3058823529411765
en,https://en.wikinews.org/wiki/U.S._President_arrives_in_Singapore::1,0.5,0.6363636363636364,7,11,0.45569620253164556
en,https://en.wikibooks.org/wiki/Lucid_Dreaming/Introduction::2,0.5,0.4583333333333333,11,24,0.4528301886792453
en,https://en.wikinews.org/wiki/Canadian_professional_wrestler_Luna_Vachon_dies_aged_48::1,0.5,0.7,7,10,0.4117647058823529
en,https://en.wikinews.org/wiki/La_La_Land_receives_record-equalling_fourteen_Oscar_nominations;_Hacksaw_Ridge_gets_six::1,0.5,0.4444444444444444,4,9,0.4444444444444444
en,https://en.wikinews.org/wiki/Huge_Gay_Pride_parade_held_in_Brazil::1,0.5,0.5,9,18,0.45535714285714285
en,https://en.wikibooks.org/wiki/Wikijunior:Ancient_Civilizations/Egyptians::2,0.5,0.8181818181818182,9,11,0.4796747967479675
en,https://en.wikivoyage.org/wiki/Travel_in_developing_countries::2,0.5,0.6153846153846154,8,13,0.4621212121212121
en,https://en.wikivoyage.org/wiki/Water::1,0.5,0.5,7,14,0.43548387096774194
en,https://en.wikinews.org/wiki/Golf_and_rugby_set_to_return_to_the_Olympic_Games::2,0.5,0.4,8,20,0.4528301886792453
en,https://en.wikibooks.org/wiki/Coaching_Youth_Middle_Distance_Runners/Training::1,0.5,0.3333333333333333,5,15,0.4426229508196721
en,https://en.wikibooks.org/wiki/Wikijunior:Ancient_Civilizations/Hebrews::1,0.5,0.38461538461538464,5,13,0.4520547945205479
en,https://en.wikinews.org/wiki/Saturn%27s_moon_Titan_hosts_liquid_lakes_and_rivers::2,0.5,0.5666666666666667,17,30,0.4935064935064935
en,https://en.wikinews.org/wiki/Toronto_team-led_research_on_Type_1_Diabetes_%27groundbreaking%27::1,0.5,0.5384615384615384,7,13,0.4752475247524752
en,https://en.wikibooks.org/wiki/Animal_Behavior/Population_Genetics::2,0.5,0.5625,9,16,0.48214285714285715
en,https://en.wikinews.org/wiki/Edmonton_prison_conflict_wounds_eight::2,0.5,0.5333333333333333,8,15,0.5046728971962616
en,https://en.wikinews.org/wiki/Burning_debris_from_satellites_spotted_over_several_US_cities::1,0.5,0.8333333333333334,5,6,0.48484848484848486
en,https://en.wikibooks.org/wiki/The_Seven_Wonders_of_the_World/The_Temple_of_Artemis::2,0.5,0.5454545454545454,6,11,0.4566929133858268
en,https://en.wikibooks.org/wiki/American_Revolution/The_Declaration_of_Independence::1,0.5,0.5,8,16,0.512987012987013
en,https://en.wikinews.org/wiki/Italy_arrests_reputed_Mafia_boss_Lo_Piccolo::2,0.5,0.5,10,20,0.5
en,https://en.wikivoyage.org/wiki/Hostels::1,0.5,0.5714285714285714,4,7,0.4666666666666667
en,https://en.wikinews.org/wiki/8.0_magnitude_earthquake_occurs_near_Tonga::2,0.5,0.4444444444444444,8,18,0.4588235294117647
en,https://en.wikinews.org/wiki/UK_threat_level_reduced_to_%27severe%27::1,0.5,0.625,5,8,0.4358974358974359
en,"https://en.wikinews.org/wiki/Crossing_guard_killed_by_truck_in_Glasgow,_Scotland::1",0.5,0.4782608695652174,11,23,0.46938775510204084
en,https://en.wikibooks.org/wiki/Wikijunior:Solar_System/Space_exploration::1,0.5,0.75,9,12,0.4583333333333333
en,https://en.wikinews.org/wiki/24_people_rescued_from_roller_coaster_at_California%27s_Great_America_theme_park::1,0.5,0.5862068965517241,17,29,0.48
en,https://en.wikivoyage.org/wiki/Internet_telephony::2,0.5,0.4375,7,16,0.4563106796116505
en,https://en.wikibooks.org/wiki/Wikijunior:Big_Cats/Tiger::1,0.5,0.42857142857142855,3,7,0.4479166666666667
en,https://en.wikinews.org/wiki/Young_motorcycle_racer_Peter_Lenz_dies_in_race_crash_aged_13::1,0.5,0.4444444444444444,4,9,0.4634146341463415
en,https://en.wikivoyage.org/wiki/Boating_on_the_Baltic_Sea::2,0.5,0.6666666666666666,8,12,0.48
en,https://en.wikibooks.org/wiki/Basic_Physics_of_Digital_Radiography/The_Computer::2,0.5,0.5,4,8,0.45161290322580644
en,https://en.wikibooks.org/wiki/Wikijunior:Dinosaurs/Extinction::2,0.5,0.4666666666666667,7,15,0.4625
en,https://en.wikibooks.org/wiki/Wikijunior:United_States_Charters_of_Freedom/Declaration_of_Independence::1,0.5,0.45454545454545453,5,11,0.5033557046979866
en,https://en.wikibooks.org/wiki/Wikijunior:World_War_II/Battle_of_Britain::1,0.5,0.4782608695652174,11,23,0.452991452991453
en,https://en.wikibooks.org/wiki/Golf::1,0.5,0.35294117647058826,6,17,0.46511627906976744
en,https://en.wikibooks.org/wiki/Wikijunior:How_Things_Work/Computer::1,0.5,0.5384615384615384,7,13,0.4583333333333333
en,"https://en.wikinews.org/wiki/Red_tide_affects_South_Padre_Island,_Mexico::1",0.5,0.6,3,5,0.45161290322580644
en,https://en.wikinews.org/wiki/Cosmonaut_Alexei_Leonov_dies_at_age_85::2,0.5,1.0,2,2,0.4482758620689655
en,"https://en.wikinews.org/wiki/No_bomb_threat,_hijacking_of_plane_in_China%27s_Xinjiang_region_according_to_Afghan_officials::2",0.5,0.45454545454545453,10,22,0.4666666666666667
en,https://en.wikivoyage.org/wiki/Galapagos_Islands::1,0.5,0.3,12,40,0.5043478260869565
en,https://en.wikivoyage.org/wiki/Travelling_around_the_Schengen_Area::1,0.5,0.5,6,12,0.44036697247706424
en,https://en.wikinews.org/wiki/Trade_hall_roof_collapses_in_Poland::1,0.5,0.4,2,5,0.4411764705882353
en,https://en.wikinews.org/wiki/Teen_post_officer_hides_400_New_Year_cards_in_Japanese_snow::1,0.5,0.5555555555555556,5,9,0.5194805194805194
en,"https://en.wikinews.org/wiki/Phone_threat_closes_tunnels,_snarls_traffic_in_Baltimore,_Maryland::2",0.5,0.625,5,8,0.4852941176470588
en,https://en.wikivoyage.org/wiki/Staycation::1,0.5,0.48148148148148145,13,27,0.44761904761904764
en,https://en.wikivoyage.org/wiki/Yellowstone_National_Park::2,0.5,0.44,11,25,0.4305555555555556
en,https://en.wikinews.org/wiki/Bali_climate_change_conference_begins::2,0.5,0.4,2,5,0.463768115942029
en,https://en.wikibooks.org/wiki/History_of_Islam/Early_Islam::1,0.5,0.4411764705882353,15,34,0.47019867549668876
en,https://en.wikinews.org/wiki/Brazilian_footballer_Gabriel_Jesus_signs_contract_extension_with_Manchester_City::2,0.5,0.55,11,20,0.5098039215686274
en,https://en.wikivoyage.org/wiki/Advice_for_nervous_flyers::1,0.5,0.4375,14,32,0.44565217391304346
en,https://en.wikinews.org/wiki/A_5.6_Richter_quake_hits_Western_Montana::1,0.5,0.75,6,8,0.47368421052631576
en,https://en.wikivoyage.org/wiki/Wildlife_photography::1,0.5,0.8333333333333334,5,6,0.43478260869565216
en,https://en.wikibooks.org/wiki/Social_and_Cultural_Foundations_of_American_Education/Technology/Role::1,0.5,0.5217391304347826,12,23,0.46774193548387094
en,https://en.wikibooks.org/wiki/Exercise_as_it_relates_to_Disease/Physical_activity_effect_on_mental_health_in_people_with_chronic_lower_back_pain::1,0.5,0.4666666666666667,7,15,0.4583333333333333
en,https://en.wikivoyage.org/wiki/Bread_and_confectionery::2,0.5,0.2857142857142857,2,7,0.4444444444444444
en,https://en.wikinews.org/wiki/Nathalie_Carpanedo_finishes_wild_card_run_at_2013_IPC_Alpine_World_Championships::1,0.5,0.4166666666666667,5,12,0.5157232704402516
en,https://en.wikivoyage.org/wiki/Charlotte_with_children::1,0.5,0.6,6,10,0.47058823529411764
en,https://en.wikibooks.org/wiki/Wikijunior:South_America/The_Amazon::1,0.5,0.5,4,8,0.4842105263157895
en,https://en.wikibooks.org/wiki/European_History/World_War_I::2,0.5,0.65,13,20,0.45054945054945056
en,https://en.wikivoyage.org/wiki/Round_the_world_flights::2,0.5,0.5,3,6,0.46846846846846846
en,https://en.wikibooks.org/wiki/Introduction_to_Sociology/Society::2,0.5,0.5555555555555556,5,9,0.4567901234567901
en,https://en.wikinews.org/wiki/New_Australian_Prime_Minister_signs_Kyoto::2,0.5,0.4,2,5,0.463768115942029
en,https://en.wikivoyage.org/wiki/Mobile_phones::1,0.5,0.3888888888888889,7,18,0.4574468085106383
en,https://en.wikinews.org/wiki/Canadian_Prime_Minister_Harper_agrees_to_send_%27Clean_Air_Act%27_to_committee::2,0.5,0.4583333333333333,11,24,0.47126436781609193
en,https://en.wikibooks.org/wiki/Wikijunior:Biology/Origin_of_Life::1,0.5,0.4666666666666667,14,30,0.46464646464646464
en,https://en.wikivoyage.org/wiki/Cross_country_skiing::1,0.5,0.46153846153846156,6,13,0.46078431372549017
en,https://en.wikibooks.org/wiki/Animal_Behavior/Biological_Rhythms::1,0.5,0.47619047619047616,10,21,0.4375
en,https://en.wikivoyage.org/wiki/Sundarbans_National_Park::1,0.5,0.3333333333333333,3,9,0.5089820359281437
en,https://en.wikivoyage.org/wiki/Noum%C3%A9a::1,0.5,0.5,3,6,0.45038167938931295
en,https://en.wikibooks.org/wiki/Wikijunior:Languages/Hindi::2,0.5,0.5454545454545454,6,11,0.46464646464646464
en,https://en.wikivoyage.org/wiki/Culture_shock::1,0.5,0.6,3,5,0.4406779661016949
en,https://en.wikinews.org/wiki/The_Onion:_An_interview_with_%27America%27s_Finest_News_Source%27::1,0.5,0.40625,13,32,0.4909090909090909
en,https://en.wikinews.org/wiki/Anti-ACTA_activists_protest_across_Europe::2,0.5,0.45454545454545453,5,11,0.4485294117647059
en,https://en.wikinews.org/wiki/Senate_questions_Roberts_in_confirmation_hearings::1,0.5,0.5454545454545454,6,11,0.4574468085106383
en,https://en.wikibooks.org/wiki/Introduction_to_Sociology/Race_and_Ethnicity::2,0.5,0.5,2,4,0.4642857142857143
en,https://en.wikivoyage.org/wiki/Bed_and_breakfasts::1,0.5,0.4666666666666667,7,15,0.44554455445544555
en,https://en.wikinews.org/wiki/UK_government_outlines_plans_for_rail_transport::1,0.5,0.6666666666666666,2,3,0.5365853658536586
en,https://en.wikinews.org/wiki/Russian_military_cargo_jet_crash_kills_eleven_in_Siberia::1,0.5,0.5714285714285714,4,7,0.5
en,https://en.wikibooks.org/wiki/Wikijunior:Asia/Bhutan::1,0.5,0.5,10,20,0.49206349206349204
en,https://en.wikinews.org/wiki/FAA:_Metroplex_NextGen_project_in_place_in_north_Texas::2,0.5,0.4,4,10,0.45901639344262296
en,https://en.wikivoyage.org/wiki/Antarctica::1,0.5,0.6666666666666666,2,3,0.45217391304347826
en,https://en.wikibooks.org/wiki/How_to_Play_Violin/Bowing::1,0.5,0.4642857142857143,13,28,0.4915254237288136
en,https://en.wikinews.org/wiki/Naked_News_to_create_international_language_editions::1,0.5,0.5,8,16,0.43636363636363634
en,https://en.wikibooks.org/wiki/Pakistani_History/Prehistory/Bronze_Age/Indus_Valley_Civilization::2,0.5,0.4666666666666667,7,15,0.5042735042735043
en,https://en.wikibooks.org/wiki/Sensory_Systems/Visual_System::1,0.5,0.5714285714285714,8,14,0.4473684210526316
en,https://en.wikinews.org/wiki/Nationalised_bank_Northern_Rock_sold_to_Virgin_Money::1,0.5,0.375,6,16,0.5126050420168067
en,https://en.wikinews.org/wiki/Typhoon_prompts_massive_evacuations_in_China::1,0.5,0.4,4,10,0.5116279069767442
en,https://en.wikibooks.org/wiki/Wikijunior:Languages/Sanskrit::2,0.5,0.6363636363636364,7,11,0.44144144144144143
en,https://en.wikibooks.org/wiki/Wikijunior:Europe/Luxembourg::2,0.5,0.5,7,14,0.5
en,https://en.wikibooks.org/wiki/Wikijunior:Ancient_Civilizations/Romans::1,0.5,0.4,8,20,0.44274809160305345
en,https://en.wikinews.org/wiki/Explorers_find_shipwreck_thought_to_be_massive_WWII_battleship_Musashi::1,0.5,0.6666666666666666,4,6,0.46153846153846156
en,https://en.wikibooks.org/wiki/The_Organ_Systems/nervous::1,0.5,0.3888888888888889,7,18,0.5294117647058824
en,https://en.wikibooks.org/wiki/Introductory_Tourism::2,0.5,0.5789473684210527,11,19,0.46956521739130436
en,https://en.wikinews.org/wiki/Two-day_bird_flu_conference_draws_$1.9_billion_in_pledges::1,0.5,0.46153846153846156,6,13,0.47435897435897434
en,https://en.wikinews.org/wiki/Distributed_computing_to_get_%22interstellar_project%22::1,0.5,0.4411764705882353,15,34,0.47701149425287354
en,https://en.wikinews.org/wiki/US_officials_flood_Grand_Canyon_to_restore_ecosystem::1,0.5,0.4166666666666667,5,12,0.4574468085106383
en,https://en.wikivoyage.org/wiki/Alcoholic_beverages::2,0.5,0.8,4,5,0.4142857142857143
en,https://en.wikibooks.org/wiki/History_of_Technology/Cultural_Determinism::1,0.5,0.75,3,4,0.4444444444444444
en,https://en.wikinews.org/wiki/Seven_caves_found_on_Mars:_NASA::2,0.5,0.5294117647058824,9,17,0.47368421052631576
en,https://en.wikivoyage.org/wiki/Aggregators::2,0.5,0.6,6,10,0.46153846153846156
en,https://en.wikivoyage.org/wiki/Canyoning::2,0.5,0.5,4,8,0.37681159420289856
en,https://en.wikinews.org/wiki/Parts_of_New_Orleans_flood_again::1,0.5,0.5,2,4,0.463768115942029
en,https://en.wikivoyage.org/wiki/Downhill_snowsports::2,0.5,0.3076923076923077,4,13,0.5040650406504065
en,https://en.wikivoyage.org/wiki/Travellers%27_diarrhea::2,0.5,0.42105263157894735,8,19,0.4462809917355372
en,https://en.wikibooks.org/wiki/American_Revolution/The_Battles_of_Trenton_and_Princeton::2,0.5,0.75,3,4,0.5080645161290323
en,https://en.wikinews.org/wiki/Apple_introduces_iPhone_and_Apple_TV::2,0.5,0.4827586206896552,14,29,0.4807692307692308
en,https://en.wikivoyage.org/wiki/Regional_coding::2,0.5,0.14285714285714285,1,7,0.4864864864864865
en,https://en.wikibooks.org/wiki/Wikijunior:How_Things_Work/Nuclear_Bomb::1,0.5,0.36363636363636365,4,11,0.4782608695652174
en,https://en.wikibooks.org/wiki/Applied_Ecology/New_Societies_and_Cultures::1,0.5,0.5714285714285714,4,7,0.4823529411764706
en,https://en.wikinews.org/wiki/Scientists_report_two_life-saving_treatments_for_Ebola::2,0.5,0.4583333333333333,11,24,0.4418604651162791
en,https://en.wikivoyage.org/wiki/Budget_travel::2,0.5,0.5833333333333334,7,12,0.42592592592592593
en,https://en.wikibooks.org/wiki/Wikijunior:Biology/Kingdoms/Animals::2,0.5,0.4166666666666667,5,12,0.4264705882352941
en,https://en.wikibooks.org/wiki/Wikijunior:Big_Cats/Lion::2,0.5,0.5,11,22,0.43478260869565216
en,https://en.wikinews.org/wiki/USA_Gymnastics_board_resigning_after_sex_abuse::2,0.5,0.46153846153846156,6,13,0.46540880503144655
en,"https://en.wikinews.org/wiki/Beverly_Hall,_indicted_public_school_superintendent,_dies_aged_68::2",0.5,0.4444444444444444,4,9,0.48333333333333334
en,https://en.wikivoyage.org/wiki/Caucasus::2,0.5,0.38461538461538464,5,13,0.421875
en,https://en.wikivoyage.org/wiki/Gambling::1,0.5,0.5,3,6,0.42857142857142855
en,https://en.wikivoyage.org/wiki/Maori_culture::2,0.5,0.43478260869565216,10,23,0.44594594594594594
en,https://en.wikibooks.org/wiki/Philippine_History/The_Philippine-American_War::1,0.5,0.42105263157894735,8,19,0.4787234042553192
en,https://en.wikinews.org/wiki/Hungary%27s_St_Stephen%27s_Day_hit_by_storm:_3_left_dead::1,0.5,0.4,6,15,0.48514851485148514
en,https://en.wikivoyage.org/wiki/Border_crossing::1,0.5,0.5,10,20,0.4722222222222222
en,https://en.wikinews.org/wiki/Scientists_say_new_medical_diagnostic_chip_can_sort_cells_anywhere_with_an_inkjet::1,0.5,0.5,8,16,0.4444444444444444
en,https://en.wikinews.org/wiki/German_judge_orders_life_sentence_for_nation%27s_%27first_Islamic-motivated_terror_attack%27::1,0.5,0.7,7,10,0.49504950495049505
en,https://en.wikinews.org/wiki/Japanese_Olympic_judoka_Hitoshi_Saito_dies_aged_54::1,0.5,0.6666666666666666,8,12,0.4533333333333333
en,https://en.wikinews.org/wiki/North_Korea_agrees_to_disable_its_main_nuclear_reactor::1,0.5,0.391304347826087,9,23,0.4318181818181818
en,https://en.wikivoyage.org/wiki/Vancouver::1,0.5,0.625,5,8,0.4491525423728814
en,https://en.wikivoyage.org/wiki/Astronomy::2,0.5,0.6428571428571429,9,14,0.4305555555555556
en,https://en.wikivoyage.org/wiki/San_Francisco::2,0.5,0.625,10,16,0.41284403669724773
en,https://en.wikibooks.org/wiki/All_About_Converting_From_Several_Video_Formats_To_DVD::2,0.5,0.6,9,15,0.4722222222222222
en,https://en.wikibooks.org/wiki/Wikijunior:World_War_II/Submarines::1,0.5,0.45,9,20,0.4765625
en,https://en.wikinews.org/wiki/Fighter_jet_crashes_during_Children%27s_Day_airshow_in_Thailand::2,0.5,0.3333333333333333,2,6,0.4838709677419355
en,https://en.wikinews.org/wiki/Michael_Schumacher_calls_off_Formula_1_comeback_due_to_injury::2,0.5,0.4444444444444444,4,9,0.5
en,https://en.wikibooks.org/wiki/Environmental_theory_and_collection_of_ideas/Environmentalism_and_survival::1,0.5,0.5217391304347826,12,23,0.4722222222222222
en,https://en.wikivoyage.org/wiki/Walt_Disney_World::2,0.5,0.5,2,4,0.48739495798319327
en,https://en.wikivoyage.org/wiki/Kruger_National_Park::2,0.5,0.6666666666666666,2,3,0.4726027397260274
en,https://en.wikinews.org/wiki/Khyber_Pakhtunkhwa_Provincial_Assembly_votes_to_merge_with_Pakistani_Federally_Administered_Tribal_Areas::1,0.5,0.6,6,10,0.4642857142857143
en,https://en.wikibooks.org/wiki/Wikijunior:Ancient_Civilizations/Greeks::1,0.5,0.75,3,4,0.46875
en,https://en.wikivoyage.org/wiki/Victoria_Falls::1,0.5,0.2916666666666667,7,24,0.460431654676259
en,https://en.wikibooks.org/wiki/Wikijunior:How_Things_Work/Time::2,0.5,0.2727272727272727,3,11,0.4411764705882353
en,https://en.wikivoyage.org/wiki/West_Africa::2,0.5,0.5714285714285714,8,14,0.44537815126050423
en,https://en.wikivoyage.org/wiki/Birdwatching::2,0.5,0.42857142857142855,3,7,0.4482758620689655
en,https://en.wikibooks.org/wiki/Wikijunior:How_Things_Work/Light_Bulb::2,0.5,0.35714285714285715,5,14,0.4380952380952381
en,https://en.wikivoyage.org/wiki/French_phrasebook::1,0.5,0.625,5,8,0.47115384615384615
en,"https://en.wikinews.org/wiki/Car_crashes_into_house_in_Suffolk,_UK,_seriously_injuring_man::1",0.5,0.47619047619047616,10,21,0.47560975609756095
en,https://en.wikibooks.org/wiki/Cognitive_Psychology_and_Cognitive_Neuroscience/Evolutionary_Perspective_on_Social_Cognitions::2,0.5,0.6,6,10,0.4358974358974359
en,https://en.wikivoyage.org/wiki/Music_festival_circuit::1,0.5,0.4,4,10,0.46534653465346537
en,https://en.wikinews.org/wiki/Rare_Middle_East_cyclone_batters_Oman::2,0.5,0.75,6,8,0.45
en,https://en.wikibooks.org/wiki/First_Aid/Poisoning::1,0.5,0.45,9,20,0.41379310344827586
en,https://en.wikibooks.org/wiki/Social_and_Cultural_Foundations_of_American_Education/Technology/Social_Media::2,0.5,0.4,4,10,0.4603174603174603
en,https://en.wikibooks.org/wiki/Wikijunior:How_Things_Work/Flush_Toilet::1,0.5,0.5,7,14,0.47126436781609193
en,https://en.wikinews.org/wiki/India_struggles_with_encephalitis_outbreak::2,0.5,0.6923076923076923,9,13,0.46218487394957986
en,https://en.wikinews.org/wiki/Sandra_Fluke_insists_she_will_not_be_silenced::1,0.5,0.5714285714285714,8,14,0.43636363636363634
en,https://en.wikivoyage.org/wiki/Horse_riding::2,0.5,0.5714285714285714,8,14,0.4397163120567376
en,https://en.wikibooks.org/wiki/High_School_Earth_Science/Telescopes::1,0.5,0.46153846153846156,6,13,0.4642857142857143
en,"https://en.wikinews.org/wiki/Strong_6.3_earthquake_reported_in_Sumatra,_Indonesia::1",0.5,0.5555555555555556,5,9,0.47368421052631576
en,https://en.wikibooks.org/wiki/Fencing::1,0.5,0.46153846153846156,6,13,0.45
en,https://en.wikinews.org/wiki/Seven_killed_in_Chinese_bombing::1,0.5,0.3333333333333333,2,6,0.4745762711864407
en,https://en.wikivoyage.org/wiki/Chile::2,0.5,0.5,5,10,0.4857142857142857
en,https://en.wikivoyage.org/wiki/Thimphu::2,0.5,0.42105263157894735,8,19,0.5166666666666667
en,https://en.wikinews.org/wiki/New_fossils_from_10_million_year_old_ape_found_in_Ethiopia::2,0.5,0.3333333333333333,3,9,0.49122807017543857
en,https://en.wikinews.org/wiki/Cholera_outbreak_hits_Angola::1,0.5,0.2857142857142857,2,7,0.48484848484848486
en,https://en.wikinews.org/wiki/Funeral_of_Pope_John_Paul_II_takes_place::2,0.5,1.0,5,5,0.4673913043478261
en,https://en.wikivoyage.org/wiki/Rock_climbing::1,0.5,0.5,2,4,0.4666666666666667
en,https://en.wikinews.org/wiki/Nadal_beats_Raonic_to_reach_Australian_Open_semis::2,0.5,0.7142857142857143,5,7,0.4939759036144578
en,https://en.wikivoyage.org/wiki/Flying_to_Africa::1,0.5,0.43478260869565216,10,23,0.4818181818181818
en,https://en.wikivoyage.org/wiki/Hospitality_exchange::2,0.5,0.42857142857142855,9,21,0.47413793103448276
en,https://en.wikinews.org/wiki/Bomb_blasts_kill_several_in_Iran::1,0.5,0.6666666666666666,10,15,0.4444444444444444
en,https://en.wikibooks.org/wiki/Wikijunior:World_Heritage_Sites/Serengeti::2,0.5,0.21052631578947367,4,19,0.4731182795698925
en,https://en.wikibooks.org/wiki/Fundamentals_of_Transportation/Introduction::2,0.5,0.3333333333333333,2,6,0.4393939393939394
en,https://en.wikibooks.org/wiki/Wikijunior:How_Things_Work/Laser::1,0.5,0.56,14,25,0.45689655172413796
en,https://en.wikibooks.org/wiki/Wikijunior:Biology/Cells::1,0.5,0.4444444444444444,4,9,0.4418604651162791
en,https://en.wikinews.org/wiki/Photojournalist_photographing_Justin_Bieber%27s_car_run_over_by_another_vehicle::2,0.5,0.625,5,8,0.45925925925925926
en,"https://en.wikinews.org/wiki/Benin,_Nigeria_join_African_Union_continental_free_trade_bloc::1",0.5,0.36363636363636365,4,11,0.47368421052631576
en,https://en.wikinews.org/wiki/Nintendo_unveils_controller_for_Revolution_console::2,0.5,0.5714285714285714,8,14,0.46153846153846156
en,https://en.wikibooks.org/wiki/Basic_Physics_of_Digital_Radiography/The_Basics::2,0.5,0.5555555555555556,5,9,0.4946236559139785
en,https://en.wikinews.org/wiki/Amazon_to_buy_smart_doorbell_startup_Ring::2,0.5,0.35714285714285715,5,14,0.4742268041237113
en,https://en.wikivoyage.org/wiki/Hong_Kong::1,0.5,0.3870967741935484,12,31,0.45185185185185184
en,"https://en.wikinews.org/wiki/Aerosmith_sued_over_late_cancellation_of_gig_in_Maui,_Hawaii::1",0.5,0.7,7,10,0.48333333333333334
en,https://en.wikivoyage.org/wiki/Guanajuato::1,0.5,0.5714285714285714,4,7,0.48412698412698413
en,https://en.wikivoyage.org/wiki/Streymoy::1,0.5,0.38461538461538464,5,13,0.5357142857142857
en,https://en.wikinews.org/wiki/Iranian_passenger_jet%27s_wheel_catches_fire::1,0.5,0.45454545454545453,5,11,0.4489795918367347
en,https://en.wikinews.org/wiki/Philae_space_probe_lands_on_comet::1,0.5,0.5,2,4,0.46
en,https://en.wikibooks.org/wiki/Introduction_to_Paleoanthropology/Bones::1,0.5,0.6818181818181818,15,22,0.5
en,"https://en.wikinews.org/wiki/Hong_Kong_tourists_held_hostage_in_the_Philippines,_nine_killed::2",0.5,0.5333333333333333,8,15,0.43157894736842106
en,https://en.wikivoyage.org/wiki/Barcelona::1,0.5,0.4,4,10,0.44339622641509435
en,https://en.wikivoyage.org/wiki/Grand_Canyon::2,0.5,0.5714285714285714,4,7,0.4957983193277311
en,https://en.wikivoyage.org/wiki/Studying_abroad::1,0.5,0.5510204081632653,27,49,0.45
en,https://en.wikinews.org/wiki/War_between_top_lawyers_in_Greece::1,0.5,0.75,3,4,0.49404761904761907
en,https://en.wikibooks.org/wiki/Introduction_to_Sociology/Culture::1,0.5,0.45454545454545453,10,22,0.4339622641509434
en,https://en.wikinews.org/wiki/New_South_Wales_government_starts_trial_of_hunting_in_national_parks::1,0.5,0.36363636363636365,4,11,0.45918367346938777
en,https://en.wikinews.org/wiki/French_campaigning_film_director_Ren%C3%A9_Vautier_dies::2,0.5,0.2222222222222222,2,9,0.5
en,https://en.wikivoyage.org/wiki/German_phrasebook::2,0.5,0.5238095238095238,11,21,0.4714285714285714
en,https://en.wikinews.org/wiki/EBay_to_acquire_Skype::1,0.5,1.0,1,1,0.43902439024390244
en,https://en.wikinews.org/wiki/Spanish_football_captain_dies_at_26::2,0.5,0.5625,9,16,0.509090909090909
en,https://en.wikibooks.org/wiki/Warfare::2,0.5,0.4222222222222222,19,45,0.4825174825174825
en,https://en.wikinews.org/wiki/Building_collapses_in_Mecca_at_eve_of_Hajj_pillgrimage::1,0.5,0.5454545454545454,6,11,0.4666666666666667
en,https://en.wikinews.org/wiki/Haitian_cholera_victims_threaten_United_Nations_with_lawsuit::2,0.5,0.3684210526315789,7,19,0.4722222222222222
en,https://en.wikinews.org/wiki/Icelandic_Hekla_volcano_shows_signs_of_activity::1,0.5,0.3548387096774194,11,31,0.47572815533980584
en,"https://en.wikinews.org/wiki/Sun%27s_mood_swings_not_so_strange_after_all,_say_scientists::2",0.5,0.46153846153846156,6,13,0.4634146341463415
en,https://en.wikivoyage.org/wiki/Travel_agencies::1,0.5,0.48,12,25,0.45714285714285713
en,https://en.wikibooks.org/wiki/Introduction_to_Paleoanthropology/Genetics/Introduction::1,0.5,0.2222222222222222,2,9,0.4727272727272727
en,https://en.wikinews.org/wiki/Texas_governor_and_health_officials_address_public_regarding_Ebola_case::2,0.5,0.75,3,4,0.47
en,https://en.wikibooks.org/wiki/Castles_of_England/The_Development_of_the_Castle::1,0.5,0.5555555555555556,10,18,0.46938775510204084
en,https://en.wikivoyage.org/wiki/Moldova::1,0.5,0.4583333333333333,11,24,0.4672897196261682
en,https://en.wikinews.org/wiki/Apple_Japan_to_replace_overheating_iPod_Nanos::2,0.5,0.25,1,4,0.4752475247524752
en,https://en.wikivoyage.org/wiki/Sleep::1,0.5,0.8888888888888888,8,9,0.4453125
en,https://en.wikibooks.org/wiki/Wikijunior:Ancient_Civilizations/Assyrians::1,0.5,0.2857142857142857,2,7,0.4838709677419355
en,https://en.wikivoyage.org/wiki/Tornado_safety::2,0.5,0.3076923076923077,4,13,0.4444444444444444
en,https://en.wikivoyage.org/wiki/Travel_photography/Film::1,0.5,0.7692307692307693,10,13,0.5384615384615384
en,https://en.wikibooks.org/wiki/French_Revolution/Effects::1,0.5,0.4482758620689655,13,29,0.4766355140186916
en,https://en.wikivoyage.org/wiki/War_zone_safety::2,0.5,0.45454545454545453,10,22,0.4766355140186916
en,https://en.wikibooks.org/wiki/Wikijunior:Europe/Turkey::1,0.5,0.625,5,8,0.5254237288135594
en,https://en.wikibooks.org/wiki/Cognitive_Psychology_and_Cognitive_Neuroscience/Behavioural_and_Neuroscience_Methods::1,0.5,0.5,6,12,0.4726027397260274
en,https://en.wikinews.org/wiki/Tennis:_Andy_Murray_wins_Montreal_Masters_2009::1,0.5,0.5172413793103449,15,29,0.48484848484848486
en,https://en.wikivoyage.org/wiki/Japan%27s_Top_100_Cherry_Blossom_Spots::1,0.5,0.6666666666666666,4,6,0.4461538461538462
en,https://en.wikibooks.org/wiki/Blended_Learning_in_K-12/Blended_Learning_in_Grades_9-12::2,0.5,0.45,9,20,0.48484848484848486
en,https://en.wikinews.org/wiki/Judge_orders_Baltimore_City_prison_to_produce_plan_for_improvement::1,0.5,0.5,3,6,0.48360655737704916
en,https://en.wikinews.org/wiki/US_Navy_ship_damages_Tubbataha_Reef_National_Park::1,0.5,0.625,5,8,0.4880952380952381
en,https://en.wikinews.org/wiki/Women%E2%80%99s_boxing_to_be_included_in_the_2012_Olympics_for_the_first_time::2,0.5,0.38461538461538464,5,13,0.4603174603174603
en,https://en.wikivoyage.org/wiki/New_Mexico_Pueblos::2,0.5,0.5882352941176471,10,17,0.45535714285714285
en,https://en.wikinews.org/wiki/Leak_suggests_John_Kerry_will_recognise_Israel_as_Jewish_state::2,0.5,0.41379310344827586,12,29,0.4523809523809524
en,https://en.wikibooks.org/wiki/High_School_Earth_Science/Storms::2,0.5,0.6666666666666666,2,3,0.4868421052631579
en,https://en.wikinews.org/wiki/China_promises_cut_in_carbon_dioxide_emissions::2,0.5,0.3333333333333333,3,9,0.47474747474747475
en,https://en.wikibooks.org/wiki/Yoga/Yoga_Tales::1,0.5,0.42857142857142855,9,21,0.4596774193548387
en,https://en.wikinews.org/wiki/President_of_Costa_Rica_contracts_H1N1_swine_flu::1,0.5,0.36363636363636365,8,22,0.4457831325301205
en,https://en.wikibooks.org/wiki/Wikijunior:Dinosaurs/Triceratops::1,0.5,0.5882352941176471,10,17,0.4852941176470588
en,https://en.wikinews.org/wiki/Doctor_to_be_charged_after_mother%27s_death_in_Ohio::2,0.5,0.5,10,20,0.5136986301369864
en,https://en.wikivoyage.org/wiki/Cascais::1,0.5,0.3333333333333333,5,15,0.5061728395061729
en,https://en.wikivoyage.org/wiki/Salar_de_Uyuni::2,0.5,0.7777777777777778,14,18,0.46835443037974683
en,https://en.wikinews.org/wiki/France_issues_pollution_alert_as_ship_splits_off_Basque_coast::1,0.5,0.3333333333333333,3,9,0.5135135135135135
en,https://en.wikibooks.org/wiki/History_of_Technology/Technological_Determinism::1,0.5,0.21428571428571427,3,14,0.4659090909090909
en,https://en.wikibooks.org/wiki/Remembering_the_Templars::2,0.5,0.5555555555555556,10,18,0.5384615384615384
en,https://en.wikibooks.org/wiki/Wikijunior:Bugs/Insects_Intro::1,0.5,0.5384615384615384,7,13,0.45569620253164556
en,"https://en.wikinews.org/wiki/Sam_Simon,_%27The_Simpsons%27_co-creator,_dies_aged_59::2",0.5,0.47368421052631576,9,19,0.4782608695652174
en,https://en.wikibooks.org/wiki/Wikijunior:Solar_System/Jupiter/Io::1,0.5,0.52,13,25,0.5
en,https://en.wikinews.org/wiki/Akayev_flees_Kyrgyzstan_as_protesters_seize_control_of_Bishkek::2,0.5,0.5454545454545454,6,11,0.47297297297297297
en,https://en.wikivoyage.org/wiki/Talk::1,0.5,0.75,3,4,0.46923076923076923
en,https://en.wikivoyage.org/wiki/Mallorca::1,0.5,0.4583333333333333,11,24,0.4
en,"https://en.wikinews.org/wiki/Large_earthquake_off_Japan,_tsunami_warning_issued::1",0.5,0.5833333333333334,7,12,0.5137614678899083
en,https://en.wikinews.org/wiki/Electronic_voting_disputed_in_France::2,0.5,0.42857142857142855,6,14,0.4507042253521127
en,https://en.wikibooks.org/wiki/Modern_Photography/Lenses::1,0.5,0.5714285714285714,12,21,0.4766355140186916
en,https://en.wikibooks.org/wiki/Wikijunior:World_Heritage_Sites/Pyramids_of_Giza::1,0.5,0.36363636363636365,4,11,0.4727272727272727
en,https://en.wikinews.org/wiki/Microsoft_and_Yahoo_team_up_to_make_IM_clients_compatible::2,0.5,0.75,3,4,0.4918032786885246
en,https://en.wikivoyage.org/wiki/Falkland_Islands::2,0.5,0.55,11,20,0.45985401459854014
en,https://en.wikivoyage.org/wiki/Funeral_travel::2,0.5,0.5,6,12,0.4375
en,https://en.wikinews.org/wiki/Hurricane_Fred_churns_the_Atlantic::2,0.5,0.4,2,5,0.4842105263157895
en,https://en.wikivoyage.org/wiki/Southern_Africa::1,0.5,0.7,7,10,0.4830508474576271
en,"https://en.wikinews.org/wiki/Karzai_declared_winner_of_Afghan_elections,_runoff_polls_cancelled::1",0.5,0.4117647058823529,14,34,0.46153846153846156
en,https://en.wikivoyage.org/wiki/GPS_navigation::2,0.5,0.375,9,24,0.44155844155844154
en,https://en.wikibooks.org/wiki/Coaching_Youth_Middle_Distance_Runners/Nutrition::2,0.5,0.4666666666666667,14,30,0.4716981132075472
en,https://en.wikibooks.org/wiki/Ancient_China/Government::1,0.5,0.23076923076923078,3,13,0.4700854700854701
en,https://en.wikinews.org/wiki/Australian_treasurer_enters_nuclear_debate::2,0.5,0.5714285714285714,4,7,0.4523809523809524
en,https://en.wikinews.org/wiki/Sealing_ships_trapped_in_ice_off_coast_of_Newfoundland::2,0.5,0.625,5,8,0.4745762711864407
en,https://en.wikivoyage.org/wiki/Casablanca::1,0.5,0.5555555555555556,5,9,0.4713375796178344
en,https://en.wikinews.org/wiki/Spanish_football:_Sevilla_signs_Aleix_Vidal_from_FC_Barcelona::2,0.5,0.375,3,8,0.42424242424242425
en,https://en.wikinews.org/wiki/IEEE_approves_802.11n_standard_after_six_years::2,0.5,0.5,4,8,0.5444444444444444
en,https://en.wikivoyage.org/wiki/Meteora::1,0.5,0.4090909090909091,9,22,0.45217391304347826
en,https://en.wikinews.org/wiki/Renault_F1_launch_criminal_complaint_against_former_driver_over_race-fixing_allegation::2,0.5,0.5555555555555556,5,9,0.4788732394366197
en,https://en.wikinews.org/wiki/Space_station_crew_perform_successful_spacewalk::2,0.5,0.5,3,6,0.47540983606557374
en,https://en.wikibooks.org/wiki/Cognitive_Psychology_and_Cognitive_Neuroscience/Problem_Solving_from_an_Evolutionary_Perspective::2,0.5,0.5789473684210527,11,19,0.45045045045045046
en,https://en.wikibooks.org/wiki/Wikijunior:The_Elements/Hydrogen::2,0.5,0.4666666666666667,7,15,0.4393939393939394
en,https://en.wikinews.org/wiki/2010_FIBA_World_Championship_starts::2,0.5,0.5,2,4,0.51
en,https://en.wikibooks.org/wiki/Wikijunior:Big_Cats/Ocelot::2,0.5,0.5238095238095238,11,21,0.45871559633027525
en,https://en.wikinews.org/wiki/South_Africa_end_All_Blacks%27_15-game_winning_streak::1,0.5,0.5,2,4,0.4661016949152542
en,https://en.wikivoyage.org/wiki/Hiking_destinations_in_Norway::1,0.5,0.4117647058823529,7,17,0.5324675324675324
en,https://en.wikinews.org/wiki/Another_arrest_in_Minnesota_school_shooting::2,0.5,0.6,6,10,0.49122807017543857
en,https://en.wikivoyage.org/wiki/Cold_weather::1,0.5,0.47368421052631576,9,19,0.45714285714285713
en,https://en.wikivoyage.org/wiki/Corcovado_National_Park::2,0.5,0.4090909090909091,9,22,0.4748201438848921
en,https://en.wikibooks.org/wiki/Wikijunior:Ancient_Civilizations/What_is_a_Civilization%3F::2,0.5,0.6666666666666666,4,6,0.4666666666666667
en,https://en.wikibooks.org/wiki/Exercise_as_it_relates_to_Disease/Can_Exercise_Really_Help_Multiple_Sclerosis%3F::1,0.5,0.7,14,20,0.4375
en,https://en.wikivoyage.org/wiki/Winter_driving::1,0.5,0.5454545454545454,12,22,0.45454545454545453
en,https://en.wikibooks.org/wiki/Goats/Introduction::1,0.5,0.47058823529411764,8,17,0.46236559139784944
en,https://en.wikinews.org/wiki/Australian_Big_Brother_cleared_of_breaching_content_laws::1,0.5,0.8888888888888888,8,9,0.453125
en,https://en.wikibooks.org/wiki/Coaching_Youth_Middle_Distance_Runners/Introduction::2,0.5,0.5833333333333334,7,12,0.45054945054945056
en,https://en.wikivoyage.org/wiki/Past_events/Wikimania_2018_Cape_Town_Guidebook::2,0.5,0.5,4,8,0.44871794871794873
en,https://en.wikivoyage.org/wiki/Hiking::1,0.5,0.5238095238095238,11,21,0.4367816091954023
en,https://en.wikinews.org/wiki/Fossilized_remains_of_small_dinosaur_rediscovered_in_Canada::1,0.5,0.6,3,5,0.5443037974683544
en,https://en.wikivoyage.org/wiki/Plitvice_Lakes_National_Park::2,0.5,0.2,1,5,0.44642857142857145
en,https://en.wikinews.org/wiki/US_helicopter_with_17_on_board_believed_to_have_been_shot_down_in_Afghanistan::2,0.5,0.4,2,5,0.45161290322580644
en,https://en.wikibooks.org/wiki/European_History/Challenges_to_Spiritual_Authority::1,0.5,0.4126984126984127,26,63,0.43548387096774194
en,"https://en.wikinews.org/wiki/Gas_explosion_reported_in_Hammersmith,_London::1",0.5,0.8,4,5,0.42391304347826086
en,https://en.wikivoyage.org/wiki/First_and_business_class_flights::1,0.5,0.375,3,8,0.4701492537313433
en,https://en.wikinews.org/wiki/West_Indies_wins_the_third_match_of_the_cricket_series_against_India::2,0.5,0.6666666666666666,6,9,0.5194805194805194
en,https://en.wikibooks.org/wiki/The_Cold_War/Hungarian_Revolution::1,0.5,0.38095238095238093,8,21,0.4883720930232558
en,https://en.wikinews.org/wiki/Susan_G._Komen_Foundation_stops_funding_to_Planned_Parenthood::2,0.5,0.7142857142857143,5,7,0.4732142857142857
en,https://en.wikivoyage.org/wiki/Visa::1,0.5,0.4444444444444444,8,18,0.43
en,https://en.wikinews.org/wiki/Iraq_Study_Group_Report:_Iraq_could_be_on_a_slide_towards_chaos::1,0.5,0.4,10,25,0.48201438848920863
en,https://en.wikivoyage.org/wiki/Travel_advisories::2,0.5,0.4666666666666667,14,30,0.4485981308411215
en,https://en.wikinews.org/wiki/Former_U.S._National_Security_Advisor_Zbigniew_Brzezinski_dies_aged_89::1,0.5,0.42857142857142855,15,35,0.46923076923076923
en,https://en.wikibooks.org/wiki/Wikijunior:Solar_System/The_Sun::2,0.5,0.14285714285714285,2,14,0.4782608695652174
en,https://en.wikivoyage.org/wiki/Baltic_Sea_ferries::1,0.5,0.75,3,4,0.44680851063829785
en,https://en.wikivoyage.org/wiki/Air_courier::1,0.5,0.5,6,12,0.4375
en,https://en.wikibooks.org/wiki/Sikhism::2,0.5,0.32,8,25,0.48872180451127817
en,https://en.wikibooks.org/wiki/Wikijunior:Solar_System/Moon::1,0.5,0.5,22,44,0.4588235294117647
en,https://en.wikinews.org/wiki/U.S._President_arrives_in_Singapore::1,0.75,0.7272727272727273,8,11,0.6962025316455697
en,https://en.wikibooks.org/wiki/Lucid_Dreaming/Introduction::2,0.75,0.7083333333333334,17,24,0.7358490566037735
en,https://en.wikinews.org/wiki/Canadian_professional_wrestler_Luna_Vachon_dies_aged_48::1,0.75,0.6,6,10,0.7450980392156863
en,https://en.wikinews.org/wiki/La_La_Land_receives_record-equalling_fourteen_Oscar_nominations;_Hacksaw_Ridge_gets_six::1,0.75,0.7777777777777778,7,9,0.6481481481481481
en,https://en.wikinews.org/wiki/Huge_Gay_Pride_parade_held_in_Brazil::1,0.75,0.8888888888888888,16,18,0.7232142857142857
en,https://en.wikibooks.org/wiki/Wikijunior:Ancient_Civilizations/Egyptians::2,0.75,0.9090909090909091,10,11,0.7398373983739838
en,https://en.wikivoyage.org/wiki/Travel_in_developing_countries::2,0.75,0.7692307692307693,10,13,0.75
en,https://en.wikivoyage.org/wiki/Water::1,0.75,0.6428571428571429,9,14,0.7258064516129032
en,https://en.wikinews.org/wiki/Golf_and_rugby_set_to_return_to_the_Olympic_Games::2,0.75,0.7,14,20,0.7358490566037735
en,https://en.wikibooks.org/wiki/Coaching_Youth_Middle_Distance_Runners/Training::1,0.75,0.6666666666666666,10,15,0.7213114754098361
en,https://en.wikibooks.org/wiki/Wikijunior:Ancient_Civilizations/Hebrews::1,0.75,0.6153846153846154,8,13,0.7397260273972602
en,https://en.wikinews.org/wiki/Saturn%27s_moon_Titan_hosts_liquid_lakes_and_rivers::2,0.75,0.8,24,30,0.7532467532467533
en,https://en.wikinews.org/wiki/Toronto_team-led_research_on_Type_1_Diabetes_%27groundbreaking%27::1,0.75,0.7692307692307693,10,13,0.7326732673267327
en,https://en.wikibooks.org/wiki/Animal_Behavior/Population_Genetics::2,0.75,0.75,12,16,0.75
en,https://en.wikinews.org/wiki/Edmonton_prison_conflict_wounds_eight::2,0.75,0.7333333333333333,11,15,0.7570093457943925
en,https://en.wikinews.org/wiki/Burning_debris_from_satellites_spotted_over_several_US_cities::1,0.75,0.8333333333333334,5,6,0.7777777777777778
en,https://en.wikibooks.org/wiki/The_Seven_Wonders_of_the_World/The_Temple_of_Artemis::2,0.75,0.8181818181818182,9,11,0.7244094488188977
en,https://en.wikibooks.org/wiki/American_Revolution/The_Declaration_of_Independence::1,0.75,0.8125,13,16,0.7597402597402597
en,https://en.wikinews.org/wiki/Italy_arrests_reputed_Mafia_boss_Lo_Piccolo::2,0.75,0.8,16,20,0.7538461538461538
en,https://en.wikivoyage.org/wiki/Hostels::1,0.75,0.7142857142857143,5,7,0.7111111111111111
en,https://en.wikinews.org/wiki/8.0_magnitude_earthquake_occurs_near_Tonga::2,0.75,0.7222222222222222,13,18,0.7411764705882353
en,https://en.wikinews.org/wiki/UK_threat_level_reduced_to_%27severe%27::1,0.75,0.75,6,8,0.7435897435897436
en,"https://en.wikinews.org/wiki/Crossing_guard_killed_by_truck_in_Glasgow,_Scotland::1",0.75,0.6956521739130435,16,23,0.7448979591836735
en,https://en.wikibooks.org/wiki/Wikijunior:Solar_System/Space_exploration::1,0.75,0.9166666666666666,11,12,0.7395833333333334
en,https://en.wikinews.org/wiki/24_people_rescued_from_roller_coaster_at_California%27s_Great_America_theme_park::1,0.75,0.7931034482758621,23,29,0.7333333333333333
en,https://en.wikivoyage.org/wiki/Internet_telephony::2,0.75,0.75,12,16,0.7281553398058253
en,https://en.wikibooks.org/wiki/Wikijunior:Big_Cats/Tiger::1,0.75,0.5714285714285714,4,7,0.7291666666666666
en,https://en.wikinews.org/wiki/Young_motorcycle_racer_Peter_Lenz_dies_in_race_crash_aged_13::1,0.75,0.6666666666666666,6,9,0.7317073170731707
en,https://en.wikivoyage.org/wiki/Boating_on_the_Baltic_Sea::2,0.75,0.75,9,12,0.73
en,https://en.wikibooks.org/wiki/Basic_Physics_of_Digital_Radiography/The_Computer::2,0.75,0.75,6,8,0.7258064516129032
en,https://en.wikibooks.org/wiki/Wikijunior:Dinosaurs/Extinction::2,0.75,0.8666666666666667,13,15,0.7375
en,https://en.wikibooks.org/wiki/Wikijunior:United_States_Charters_of_Freedom/Declaration_of_Independence::1,0.75,0.7272727272727273,8,11,0.7718120805369127
en,https://en.wikibooks.org/wiki/Wikijunior:World_War_II/Battle_of_Britain::1,0.75,0.7391304347826086,17,23,0.7350427350427351
en,https://en.wikibooks.org/wiki/Golf::1,0.75,0.7058823529411765,12,17,0.7558139534883721
en,https://en.wikibooks.org/wiki/Wikijunior:How_Things_Work/Computer::1,0.75,0.8461538461538461,11,13,0.7083333333333334
en,"https://en.wikinews.org/wiki/Red_tide_affects_South_Padre_Island,_Mexico::1",0.75,0.8,4,5,0.7311827956989247
en,https://en.wikinews.org/wiki/Cosmonaut_Alexei_Leonov_dies_at_age_85::2,0.75,1.0,2,2,0.7931034482758621
en,"https://en.wikinews.org/wiki/No_bomb_threat,_hijacking_of_plane_in_China%27s_Xinjiang_region_according_to_Afghan_officials::2",0.75,0.6363636363636364,14,22,0.7166666666666667
en,https://en.wikivoyage.org/wiki/Galapagos_Islands::1,0.75,0.625,25,40,0.7565217391304347
en,https://en.wikivoyage.org/wiki/Travelling_around_the_Schengen_Area::1,0.75,0.75,9,12,0.7339449541284404
en,https://en.wikinews.org/wiki/Trade_hall_roof_collapses_in_Poland::1,0.75,1.0,5,5,0.7205882352941176
en,https://en.wikinews.org/wiki/Teen_post_officer_hides_400_New_Year_cards_in_Japanese_snow::1,0.75,0.7777777777777778,7,9,0.7402597402597403
en,"https://en.wikinews.org/wiki/Phone_threat_closes_tunnels,_snarls_traffic_in_Baltimore,_Maryland::2",0.75,0.875,7,8,0.7647058823529411
en,https://en.wikivoyage.org/wiki/Staycation::1,0.75,0.6666666666666666,18,27,0.7333333333333333
en,https://en.wikivoyage.org/wiki/Yellowstone_National_Park::2,0.75,0.72,18,25,0.7222222222222222
en,https://en.wikinews.org/wiki/Bali_climate_change_conference_begins::2,0.75,0.4,2,5,0.7101449275362319
en,https://en.wikibooks.org/wiki/History_of_Islam/Early_Islam::1,0.75,0.6764705882352942,23,34,0.7483443708609272
en,https://en.wikinews.org/wiki/Brazilian_footballer_Gabriel_Jesus_signs_contract_extension_with_Manchester_City::2,0.75,0.8,16,20,0.7254901960784313
en,https://en.wikivoyage.org/wiki/Advice_for_nervous_flyers::1,0.75,0.71875,23,32,0.7282608695652174
en,https://en.wikinews.org/wiki/A_5.6_Richter_quake_hits_Western_Montana::1,0.75,0.875,7,8,0.7631578947368421
en,https://en.wikivoyage.org/wiki/Wildlife_photography::1,0.75,0.8333333333333334,5,6,0.7130434782608696
en,https://en.wikibooks.org/wiki/Social_and_Cultural_Foundations_of_American_Education/Technology/Role::1,0.75,0.782608695652174,18,23,0.7419354838709677
en,https://en.wikibooks.org/wiki/Exercise_as_it_relates_to_Disease/Physical_activity_effect_on_mental_health_in_people_with_chronic_lower_back_pain::1,0.75,0.7333333333333333,11,15,0.6944444444444444
en,https://en.wikivoyage.org/wiki/Bread_and_confectionery::2,0.75,0.5714285714285714,4,7,0.7222222222222222
en,https://en.wikinews.org/wiki/Nathalie_Carpanedo_finishes_wild_card_run_at_2013_IPC_Alpine_World_Championships::1,0.75,0.8333333333333334,10,12,0.7547169811320755
en,https://en.wikivoyage.org/wiki/Charlotte_with_children::1,0.75,0.6,6,10,0.7310924369747899
en,https://en.wikibooks.org/wiki/Wikijunior:South_America/The_Amazon::1,0.75,0.875,7,8,0.7368421052631579
en,https://en.wikibooks.org/wiki/European_History/World_War_I::2,0.75,0.75,15,20,0.7362637362637363
en,https://en.wikivoyage.org/wiki/Round_the_world_flights::2,0.75,0.6666666666666666,4,6,0.7117117117117117
en,https://en.wikibooks.org/wiki/Introduction_to_Sociology/Society::2,0.75,0.6666666666666666,6,9,0.7530864197530864
en,https://en.wikinews.org/wiki/New_Australian_Prime_Minister_signs_Kyoto::2,0.75,0.4,2,5,0.6956521739130435
en,https://en.wikivoyage.org/wiki/Mobile_phones::1,0.75,0.8333333333333334,15,18,0.7340425531914894
en,https://en.wikinews.org/wiki/Canadian_Prime_Minister_Harper_agrees_to_send_%27Clean_Air_Act%27_to_committee::2,0.75,0.625,15,24,0.7528735632183908
en,https://en.wikibooks.org/wiki/Wikijunior:Biology/Origin_of_Life::1,0.75,0.6666666666666666,20,30,0.7474747474747475
en,https://en.wikivoyage.org/wiki/Cross_country_skiing::1,0.75,0.9230769230769231,12,13,0.7352941176470589
en,https://en.wikibooks.org/wiki/Animal_Behavior/Biological_Rhythms::1,0.75,0.7142857142857143,15,21,0.725
en,https://en.wikivoyage.org/wiki/Sundarbans_National_Park::1,0.75,0.6666666666666666,6,9,0.7724550898203593
en,https://en.wikivoyage.org/wiki/Noum%C3%A9a::1,0.75,0.8333333333333334,5,6,0.7404580152671756
en,https://en.wikibooks.org/wiki/Wikijunior:Languages/Hindi::2,0.75,0.8181818181818182,9,11,0.7171717171717171
en,https://en.wikivoyage.org/wiki/Culture_shock::1,0.75,0.8,4,5,0.7033898305084746
en,https://en.wikinews.org/wiki/The_Onion:_An_interview_with_%27America%27s_Finest_News_Source%27::1,0.75,0.71875,23,32,0.7393939393939394
en,https://en.wikinews.org/wiki/Anti-ACTA_activists_protest_across_Europe::2,0.75,0.5454545454545454,6,11,0.7058823529411765
en,https://en.wikinews.org/wiki/Senate_questions_Roberts_in_confirmation_hearings::1,0.75,0.9090909090909091,10,11,0.723404255319149
en,https://en.wikibooks.org/wiki/Introduction_to_Sociology/Race_and_Ethnicity::2,0.75,1.0,4,4,0.7142857142857143
en,https://en.wikivoyage.org/wiki/Bed_and_breakfasts::1,0.75,0.7333333333333333,11,15,0.7326732673267327
en,https://en.wikinews.org/wiki/UK_government_outlines_plans_for_rail_transport::1,0.75,0.6666666666666666,2,3,0.7317073170731707
en,https://en.wikinews.org/wiki/Russian_military_cargo_jet_crash_kills_eleven_in_Siberia::1,0.75,0.8571428571428571,6,7,0.7738095238095238
en,https://en.wikibooks.org/wiki/Wikijunior:Asia/Bhutan::1,0.75,0.7,14,20,0.753968253968254
en,https://en.wikinews.org/wiki/FAA:_Metroplex_NextGen_project_in_place_in_north_Texas::2,0.75,0.9,9,10,0.7377049180327869
en,https://en.wikivoyage.org/wiki/Antarctica::1,0.75,1.0,3,3,0.7217391304347827
en,https://en.wikibooks.org/wiki/How_to_Play_Violin/Bowing::1,0.75,0.6785714285714286,19,28,0.7457627118644068
en,https://en.wikinews.org/wiki/Naked_News_to_create_international_language_editions::1,0.75,0.75,12,16,0.7090909090909091
en,https://en.wikibooks.org/wiki/Pakistani_History/Prehistory/Bronze_Age/Indus_Valley_Civilization::2,0.75,0.6666666666666666,10,15,0.7521367521367521
en,https://en.wikibooks.org/wiki/Sensory_Systems/Visual_System::1,0.75,0.8571428571428571,12,14,0.6973684210526315
en,https://en.wikinews.org/wiki/Nationalised_bank_Northern_Rock_sold_to_Virgin_Money::1,0.75,0.75,12,16,0.7647058823529411
en,https://en.wikinews.org/wiki/Typhoon_prompts_massive_evacuations_in_China::1,0.75,0.8,8,10,0.7441860465116279
en,https://en.wikibooks.org/wiki/Wikijunior:Languages/Sanskrit::2,0.75,0.8181818181818182,9,11,0.7387387387387387
en,https://en.wikibooks.org/wiki/Wikijunior:Europe/Luxembourg::2,0.75,0.7142857142857143,10,14,0.7325581395348837
en,https://en.wikibooks.org/wiki/Wikijunior:Ancient_Civilizations/Romans::1,0.75,0.65,13,20,0.7099236641221374
en,https://en.wikinews.org/wiki/Explorers_find_shipwreck_thought_to_be_massive_WWII_battleship_Musashi::1,0.75,0.6666666666666666,4,6,0.7538461538461538
en,https://en.wikibooks.org/wiki/The_Organ_Systems/nervous::1,0.75,0.6666666666666666,12,18,0.7450980392156863
en,https://en.wikibooks.org/wiki/Introductory_Tourism::2,0.75,0.7368421052631579,14,19,0.7478260869565218
en,https://en.wikinews.org/wiki/Two-day_bird_flu_conference_draws_$1.9_billion_in_pledges::1,0.75,0.6923076923076923,9,13,0.7307692307692307
en,https://en.wikinews.org/wiki/Distributed_computing_to_get_%22interstellar_project%22::1,0.75,0.6764705882352942,23,34,0.7413793103448276
en,https://en.wikinews.org/wiki/US_officials_flood_Grand_Canyon_to_restore_ecosystem::1,0.75,0.75,9,12,0.7553191489361702
en,https://en.wikivoyage.org/wiki/Alcoholic_beverages::2,0.75,1.0,5,5,0.6857142857142857
en,https://en.wikibooks.org/wiki/History_of_Technology/Cultural_Determinism::1,0.75,0.75,3,4,0.7222222222222222
en,https://en.wikinews.org/wiki/Seven_caves_found_on_Mars:_NASA::2,0.75,0.7647058823529411,13,17,0.7443609022556391
en,https://en.wikivoyage.org/wiki/Aggregators::2,0.75,0.8,8,10,0.7307692307692307
en,https://en.wikivoyage.org/wiki/Canyoning::2,0.75,0.75,6,8,0.6956521739130435
en,https://en.wikinews.org/wiki/Parts_of_New_Orleans_flood_again::1,0.75,1.0,4,4,0.7391304347826086
en,https://en.wikivoyage.org/wiki/Downhill_snowsports::2,0.75,0.6153846153846154,8,13,0.7317073170731707
en,https://en.wikivoyage.org/wiki/Travellers%27_diarrhea::2,0.75,0.7368421052631579,14,19,0.71900826446281
en,https://en.wikibooks.org/wiki/American_Revolution/The_Battles_of_Trenton_and_Princeton::2,0.75,1.0,4,4,0.7338709677419355
en,https://en.wikinews.org/wiki/Apple_introduces_iPhone_and_Apple_TV::2,0.75,0.7241379310344828,21,29,0.75
en,https://en.wikivoyage.org/wiki/Regional_coding::2,0.75,0.5714285714285714,4,7,0.7567567567567568
en,https://en.wikibooks.org/wiki/Wikijunior:How_Things_Work/Nuclear_Bomb::1,0.75,0.5454545454545454,6,11,0.7391304347826086
en,https://en.wikibooks.org/wiki/Applied_Ecology/New_Societies_and_Cultures::1,0.75,1.0,7,7,0.7294117647058823
en,https://en.wikinews.org/wiki/Scientists_report_two_life-saving_treatments_for_Ebola::2,0.75,0.7916666666666666,19,24,0.7325581395348837
en,https://en.wikivoyage.org/wiki/Budget_travel::2,0.75,0.9166666666666666,11,12,0.7037037037037037
en,https://en.wikibooks.org/wiki/Wikijunior:Biology/Kingdoms/Animals::2,0.75,0.6666666666666666,8,12,0.7205882352941176
en,https://en.wikibooks.org/wiki/Wikijunior:Big_Cats/Lion::2,0.75,0.8636363636363636,19,22,0.717391304347826
en,https://en.wikinews.org/wiki/USA_Gymnastics_board_resigning_after_sex_abuse::2,0.75,0.6153846153846154,8,13,0.7295597484276729
en,"https://en.wikinews.org/wiki/Beverly_Hall,_indicted_public_school_superintendent,_dies_aged_68::2",0.75,0.7777777777777778,7,9,0.7333333333333333
en,https://en.wikivoyage.org/wiki/Caucasus::2,0.75,0.7692307692307693,10,13,0.65625
en,https://en.wikivoyage.org/wiki/Gambling::1,0.75,0.6666666666666666,4,6,0.7023809523809523
en,https://en.wikivoyage.org/wiki/Maori_culture::2,0.75,0.7391304347826086,17,23,0.7027027027027027
en,https://en.wikibooks.org/wiki/Philippine_History/The_Philippine-American_War::1,0.75,0.7368421052631579,14,19,0.7340425531914894
en,https://en.wikinews.org/wiki/Hungary%27s_St_Stephen%27s_Day_hit_by_storm:_3_left_dead::1,0.75,0.8,12,15,0.7623762376237624
en,https://en.wikivoyage.org/wiki/Border_crossing::1,0.75,0.65,13,20,0.75
en,https://en.wikinews.org/wiki/Scientists_say_new_medical_diagnostic_chip_can_sort_cells_anywhere_with_an_inkjet::1,0.75,0.875,14,16,0.7222222222222222
en,https://en.wikinews.org/wiki/German_judge_orders_life_sentence_for_nation%27s_%27first_Islamic-motivated_terror_attack%27::1,0.75,0.7,7,10,0.7326732673267327
en,https://en.wikinews.org/wiki/Japanese_Olympic_judoka_Hitoshi_Saito_dies_aged_54::1,0.75,0.8333333333333334,10,12,0.76
en,https://en.wikinews.org/wiki/North_Korea_agrees_to_disable_its_main_nuclear_reactor::1,0.75,0.6521739130434783,15,23,0.75
en,https://en.wikivoyage.org/wiki/Vancouver::1,0.75,0.875,7,8,0.7033898305084746
en,https://en.wikivoyage.org/wiki/Astronomy::2,0.75,1.0,14,14,0.6944444444444444
en,https://en.wikivoyage.org/wiki/San_Francisco::2,0.75,0.75,12,16,0.7247706422018348
en,https://en.wikibooks.org/wiki/All_About_Converting_From_Several_Video_Formats_To_DVD::2,0.75,0.8666666666666667,13,15,0.7592592592592593
en,https://en.wikibooks.org/wiki/Wikijunior:World_War_II/Submarines::1,0.75,0.65,13,20,0.75
en,https://en.wikinews.org/wiki/Fighter_jet_crashes_during_Children%27s_Day_airshow_in_Thailand::2,0.75,0.6666666666666666,4,6,0.7258064516129032
en,https://en.wikinews.org/wiki/Michael_Schumacher_calls_off_Formula_1_comeback_due_to_injury::2,0.75,0.6666666666666666,6,9,0.734375
en,https://en.wikibooks.org/wiki/Environmental_theory_and_collection_of_ideas/Environmentalism_and_survival::1,0.75,0.6956521739130435,16,23,0.75
en,https://en.wikivoyage.org/wiki/Walt_Disney_World::2,0.75,0.5,2,4,0.7226890756302521
en,https://en.wikivoyage.org/wiki/Kruger_National_Park::2,0.75,0.6666666666666666,2,3,0.7397260273972602
en,https://en.wikinews.org/wiki/Khyber_Pakhtunkhwa_Provincial_Assembly_votes_to_merge_with_Pakistani_Federally_Administered_Tribal_Areas::1,0.75,0.7,7,10,0.7142857142857143
en,https://en.wikibooks.org/wiki/Wikijunior:Ancient_Civilizations/Greeks::1,0.75,0.75,3,4,0.71875
en,https://en.wikivoyage.org/wiki/Victoria_Falls::1,0.75,0.6666666666666666,16,24,0.7482014388489209
en,https://en.wikibooks.org/wiki/Wikijunior:How_Things_Work/Time::2,0.75,0.8181818181818182,9,11,0.7352941176470589
en,https://en.wikivoyage.org/wiki/West_Africa::2,0.75,0.9285714285714286,13,14,0.7310924369747899
en,https://en.wikivoyage.org/wiki/Birdwatching::2,0.75,0.7142857142857143,5,7,0.7413793103448276
en,https://en.wikibooks.org/wiki/Wikijunior:How_Things_Work/Light_Bulb::2,0.75,0.5714285714285714,8,14,0.7238095238095238
en,https://en.wikivoyage.org/wiki/French_phrasebook::1,0.75,0.875,7,8,0.7403846153846154
en,"https://en.wikinews.org/wiki/Car_crashes_into_house_in_Suffolk,_UK,_seriously_injuring_man::1",0.75,0.7619047619047619,16,21,0.7317073170731707
en,https://en.wikibooks.org/wiki/Cognitive_Psychology_and_Cognitive_Neuroscience/Evolutionary_Perspective_on_Social_Cognitions::2,0.75,0.9,9,10,0.7350427350427351
en,https://en.wikivoyage.org/wiki/Music_festival_circuit::1,0.75,0.8,8,10,0.7425742574257426
en,https://en.wikinews.org/wiki/Rare_Middle_East_cyclone_batters_Oman::2,0.75,1.0,8,8,0.7166666666666667
en,https://en.wikibooks.org/wiki/First_Aid/Poisoning::1,0.75,0.85,17,20,0.7241379310344828
en,https://en.wikibooks.org/wiki/Social_and_Cultural_Foundations_of_American_Education/Technology/Social_Media::2,0.75,0.8,8,10,0.7301587301587301
en,https://en.wikibooks.org/wiki/Wikijunior:How_Things_Work/Flush_Toilet::1,0.75,0.7142857142857143,10,14,0.7241379310344828
en,https://en.wikinews.org/wiki/India_struggles_with_encephalitis_outbreak::2,0.75,0.6923076923076923,9,13,0.7142857142857143
en,https://en.wikinews.org/wiki/Sandra_Fluke_insists_she_will_not_be_silenced::1,0.75,0.7142857142857143,10,14,0.7272727272727273
en,https://en.wikivoyage.org/wiki/Horse_riding::2,0.75,0.7142857142857143,10,14,0.7092198581560284
en,https://en.wikibooks.org/wiki/High_School_Earth_Science/Telescopes::1,0.75,0.6923076923076923,9,13,0.75
en,"https://en.wikinews.org/wiki/Strong_6.3_earthquake_reported_in_Sumatra,_Indonesia::1",0.75,0.6666666666666666,6,9,0.7368421052631579
en,https://en.wikibooks.org/wiki/Fencing::1,0.75,0.7692307692307693,10,13,0.7
en,https://en.wikinews.org/wiki/Seven_killed_in_Chinese_bombing::1,0.75,0.8333333333333334,5,6,0.7288135593220338
en,https://en.wikivoyage.org/wiki/Chile::2,0.75,0.8,8,10,0.7523809523809524
en,https://en.wikivoyage.org/wiki/Thimphu::2,0.75,0.631578947368421,12,19,0.7583333333333333
en,https://en.wikinews.org/wiki/New_fossils_from_10_million_year_old_ape_found_in_Ethiopia::2,0.75,0.4444444444444444,4,9,0.7543859649122807
en,https://en.wikinews.org/wiki/Cholera_outbreak_hits_Angola::1,0.75,0.7142857142857143,5,7,0.7727272727272727
en,https://en.wikinews.org/wiki/Funeral_of_Pope_John_Paul_II_takes_place::2,0.75,1.0,5,5,0.7282608695652174
en,https://en.wikivoyage.org/wiki/Rock_climbing::1,0.75,1.0,4,4,0.7333333333333333
en,https://en.wikinews.org/wiki/Nadal_beats_Raonic_to_reach_Australian_Open_semis::2,0.75,0.7142857142857143,5,7,0.7469879518072289
en,https://en.wikivoyage.org/wiki/Flying_to_Africa::1,0.75,0.6086956521739131,14,23,0.7181818181818181
en,https://en.wikivoyage.org/wiki/Hospitality_exchange::2,0.75,0.8095238095238095,17,21,0.7586206896551724
en,https://en.wikinews.org/wiki/Bomb_blasts_kill_several_in_Iran::1,0.75,0.9333333333333333,14,15,0.7037037037037037
en,https://en.wikibooks.org/wiki/Wikijunior:World_Heritage_Sites/Serengeti::2,0.75,0.631578947368421,12,19,0.7096774193548387
en,https://en.wikibooks.org/wiki/Fundamentals_of_Transportation/Introduction::2,0.75,1.0,6,6,0.7121212121212122
en,https://en.wikibooks.org/wiki/Wikijunior:How_Things_Work/Laser::1,0.75,0.8,20,25,0.7327586206896551
en,https://en.wikibooks.org/wiki/Wikijunior:Biology/Cells::1,0.75,0.6666666666666666,6,9,0.7209302325581395
en,https://en.wikinews.org/wiki/Photojournalist_photographing_Justin_Bieber%27s_car_run_over_by_another_vehicle::2,0.75,0.875,7,8,0.7111111111111111
en,"https://en.wikinews.org/wiki/Benin,_Nigeria_join_African_Union_continental_free_trade_bloc::1",0.75,0.8181818181818182,9,11,0.7368421052631579
en,https://en.wikinews.org/wiki/Nintendo_unveils_controller_for_Revolution_console::2,0.75,0.7142857142857143,10,14,0.7307692307692307
en,https://en.wikibooks.org/wiki/Basic_Physics_of_Digital_Radiography/The_Basics::2,0.75,0.8888888888888888,8,9,0.7311827956989247
en,https://en.wikinews.org/wiki/Amazon_to_buy_smart_doorbell_startup_Ring::2,0.75,0.7142857142857143,10,14,0.711340206185567
en,https://en.wikivoyage.org/wiki/Hong_Kong::1,0.75,0.6451612903225806,20,31,0.7333333333333333
en,"https://en.wikinews.org/wiki/Aerosmith_sued_over_late_cancellation_of_gig_in_Maui,_Hawaii::1",0.75,0.8,8,10,0.6833333333333333
en,https://en.wikivoyage.org/wiki/Guanajuato::1,0.75,0.7142857142857143,5,7,0.7301587301587301
en,https://en.wikivoyage.org/wiki/Streymoy::1,0.75,0.6153846153846154,8,13,0.7678571428571429
en,https://en.wikinews.org/wiki/Iranian_passenger_jet%27s_wheel_catches_fire::1,0.75,0.8181818181818182,9,11,0.6938775510204082
en,https://en.wikinews.org/wiki/Philae_space_probe_lands_on_comet::1,0.75,0.5,2,4,0.74
en,https://en.wikibooks.org/wiki/Introduction_to_Paleoanthropology/Bones::1,0.75,0.8636363636363636,19,22,0.7127659574468085
en,"https://en.wikinews.org/wiki/Hong_Kong_tourists_held_hostage_in_the_Philippines,_nine_killed::2",0.75,0.8,12,15,0.7473684210526316
en,https://en.wikivoyage.org/wiki/Barcelona::1,0.75,0.7,7,10,0.7075471698113207
en,https://en.wikivoyage.org/wiki/Grand_Canyon::2,0.75,0.7142857142857143,5,7,0.7478991596638656
en,https://en.wikivoyage.org/wiki/Studying_abroad::1,0.75,0.7551020408163265,37,49,0.7357142857142858
en,https://en.wikinews.org/wiki/War_between_top_lawyers_in_Greece::1,0.75,0.75,3,4,0.7440476190476191
en,https://en.wikibooks.org/wiki/Introduction_to_Sociology/Culture::1,0.75,0.6363636363636364,14,22,0.6792452830188679
en,https://en.wikinews.org/wiki/New_South_Wales_government_starts_trial_of_hunting_in_national_parks::1,0.75,0.8181818181818182,9,11,0.7244897959183674
en,https://en.wikinews.org/wiki/French_campaigning_film_director_Ren%C3%A9_Vautier_dies::2,0.75,0.6666666666666666,6,9,0.7631578947368421
en,https://en.wikivoyage.org/wiki/German_phrasebook::2,0.75,0.7142857142857143,15,21,0.7428571428571429
en,https://en.wikinews.org/wiki/EBay_to_acquire_Skype::1,0.75,1.0,1,1,0.7317073170731707
en,https://en.wikinews.org/wiki/Spanish_football_captain_dies_at_26::2,0.75,0.75,12,16,0.7454545454545455
en,https://en.wikibooks.org/wiki/Warfare::2,0.75,0.7333333333333333,33,45,0.7412587412587412
en,https://en.wikinews.org/wiki/Building_collapses_in_Mecca_at_eve_of_Hajj_pillgrimage::1,0.75,0.8181818181818182,9,11,0.76
en,https://en.wikinews.org/wiki/Haitian_cholera_victims_threaten_United_Nations_with_lawsuit::2,0.75,0.7368421052631579,14,19,0.7291666666666666
en,https://en.wikinews.org/wiki/Icelandic_Hekla_volcano_shows_signs_of_activity::1,0.75,0.6129032258064516,19,31,0.7378640776699029
en,"https://en.wikinews.org/wiki/Sun%27s_mood_swings_not_so_strange_after_all,_say_scientists::2",0.75,0.7692307692307693,10,13,0.7560975609756098
en,https://en.wikivoyage.org/wiki/Travel_agencies::1,0.75,0.68,17,25,0.7333333333333333
en,https://en.wikibooks.org/wiki/Introduction_to_Paleoanthropology/Genetics/Introduction::1,0.75,0.7777777777777778,7,9,0.7272727272727273
en,https://en.wikinews.org/wiki/Texas_governor_and_health_officials_address_public_regarding_Ebola_case::2,0.75,1.0,4,4,0.76
en,https://en.wikibooks.org/wiki/Castles_of_England/The_Development_of_the_Castle::1,0.75,0.7222222222222222,13,18,0.7244897959183674
en,https://en.wikivoyage.org/wiki/Moldova::1,0.75,0.6666666666666666,16,24,0.7383177570093458
en,https://en.wikinews.org/wiki/Apple_Japan_to_replace_overheating_iPod_Nanos::2,0.75,0.25,1,4,0.7524752475247525
en,https://en.wikivoyage.org/wiki/Sleep::1,0.75,0.8888888888888888,8,9,0.7421875
en,https://en.wikibooks.org/wiki/Wikijunior:Ancient_Civilizations/Assyrians::1,0.75,0.42857142857142855,3,7,0.7096774193548387
en,https://en.wikivoyage.org/wiki/Tornado_safety::2,0.75,0.6923076923076923,9,13,0.7361111111111112
en,https://en.wikivoyage.org/wiki/Travel_photography/Film::1,0.75,0.7692307692307693,10,13,0.7596153846153846
en,https://en.wikibooks.org/wiki/French_Revolution/Effects::1,0.75,0.8275862068965517,24,29,0.7476635514018691
en,https://en.wikivoyage.org/wiki/War_zone_safety::2,0.75,0.5909090909090909,13,22,0.7383177570093458
en,https://en.wikibooks.org/wiki/Wikijunior:Europe/Turkey::1,0.75,0.875,7,8,0.7570621468926554
en,https://en.wikibooks.org/wiki/Cognitive_Psychology_and_Cognitive_Neuroscience/Behavioural_and_Neuroscience_Methods::1,0.75,0.75,9,12,0.7328767123287672
en,https://en.wikinews.org/wiki/Tennis:_Andy_Murray_wins_Montreal_Masters_2009::1,0.75,0.6551724137931034,19,29,0.7575757575757576
en,https://en.wikivoyage.org/wiki/Japan%27s_Top_100_Cherry_Blossom_Spots::1,0.75,1.0,6,6,0.676923076923077
en,https://en.wikibooks.org/wiki/Blended_Learning_in_K-12/Blended_Learning_in_Grades_9-12::2,0.75,0.75,15,20,0.7515151515151515
en,https://en.wikinews.org/wiki/Judge_orders_Baltimore_City_prison_to_produce_plan_for_improvement::1,0.75,0.8333333333333334,5,6,0.7377049180327869
en,https://en.wikinews.org/wiki/US_Navy_ship_damages_Tubbataha_Reef_National_Park::1,0.75,0.875,7,8,0.7619047619047619
en,https://en.wikinews.org/wiki/Women%E2%80%99s_boxing_to_be_included_in_the_2012_Olympics_for_the_first_time::2,0.75,0.6153846153846154,8,13,0.746031746031746
en,https://en.wikivoyage.org/wiki/New_Mexico_Pueblos::2,0.75,0.7647058823529411,13,17,0.7410714285714286
en,https://en.wikinews.org/wiki/Leak_suggests_John_Kerry_will_recognise_Israel_as_Jewish_state::2,0.75,0.7241379310344828,21,29,0.7142857142857143
en,https://en.wikibooks.org/wiki/High_School_Earth_Science/Storms::2,0.75,0.6666666666666666,2,3,0.7236842105263158
en,https://en.wikinews.org/wiki/China_promises_cut_in_carbon_dioxide_emissions::2,0.75,0.5555555555555556,5,9,0.7373737373737373
en,https://en.wikibooks.org/wiki/Yoga/Yoga_Tales::1,0.75,0.6190476190476191,13,21,0.75
en,https://en.wikinews.org/wiki/President_of_Costa_Rica_contracts_H1N1_swine_flu::1,0.75,0.6818181818181818,15,22,0.7469879518072289
en,https://en.wikibooks.org/wiki/Wikijunior:Dinosaurs/Triceratops::1,0.75,0.7647058823529411,13,17,0.7573529411764706
en,https://en.wikinews.org/wiki/Doctor_to_be_charged_after_mother%27s_death_in_Ohio::2,0.75,0.75,15,20,0.7465753424657534
en,https://en.wikivoyage.org/wiki/Cascais::1,0.75,0.6,9,15,0.7283950617283951
en,https://en.wikivoyage.org/wiki/Salar_de_Uyuni::2,0.75,0.8333333333333334,15,18,0.7341772151898734
en,https://en.wikinews.org/wiki/France_issues_pollution_alert_as_ship_splits_off_Basque_coast::1,0.75,0.5555555555555556,5,9,0.7567567567567568
en,https://en.wikibooks.org/wiki/History_of_Technology/Technological_Determinism::1,0.75,0.5714285714285714,8,14,0.7386363636363636
en,https://en.wikibooks.org/wiki/Remembering_the_Templars::2,0.75,0.7222222222222222,13,18,0.7692307692307693
en,https://en.wikibooks.org/wiki/Wikijunior:Bugs/Insects_Intro::1,0.75,0.7692307692307693,10,13,0.7341772151898734
en,"https://en.wikinews.org/wiki/Sam_Simon,_%27The_Simpsons%27_co-creator,_dies_aged_59::2",0.75,0.7894736842105263,15,19,0.717391304347826
en,https://en.wikibooks.org/wiki/Wikijunior:Solar_System/Jupiter/Io::1,0.75,0.76,19,25,0.7575757575757576
en,https://en.wikinews.org/wiki/Akayev_flees_Kyrgyzstan_as_protesters_seize_control_of_Bishkek::2,0.75,0.6363636363636364,7,11,0.7432432432432432
en,https://en.wikivoyage.org/wiki/Talk::1,0.75,1.0,4,4,0.7384615384615385
en,https://en.wikivoyage.org/wiki/Mallorca::1,0.75,0.75,18,24,0.7
en,"https://en.wikinews.org/wiki/Large_earthquake_off_Japan,_tsunami_warning_issued::1",0.75,0.8333333333333334,10,12,0.7614678899082569
en,https://en.wikinews.org/wiki/Electronic_voting_disputed_in_France::2,0.75,0.6428571428571429,9,14,0.7112676056338029
en,https://en.wikibooks.org/wiki/Modern_Photography/Lenses::1,0.75,0.6666666666666666,14,21,0.7476635514018691
en,https://en.wikibooks.org/wiki/Wikijunior:World_Heritage_Sites/Pyramids_of_Giza::1,0.75,0.8181818181818182,9,11,0.7272727272727273
en,https://en.wikinews.org/wiki/Microsoft_and_Yahoo_team_up_to_make_IM_clients_compatible::2,0.75,0.75,3,4,0.7540983606557377
en,https://en.wikivoyage.org/wiki/Falkland_Islands::2,0.75,0.8,16,20,0.7372262773722628
en,https://en.wikivoyage.org/wiki/Funeral_travel::2,0.75,0.6666666666666666,8,12,0.71875
en,https://en.wikinews.org/wiki/Hurricane_Fred_churns_the_Atlantic::2,0.75,0.6,3,5,0.7368421052631579
en,https://en.wikivoyage.org/wiki/Southern_Africa::1,0.75,0.9,9,10,0.7372881355932204
en,"https://en.wikinews.org/wiki/Karzai_declared_winner_of_Afghan_elections,_runoff_polls_cancelled::1",0.75,0.6764705882352942,23,34,0.7076923076923077
en,https://en.wikivoyage.org/wiki/GPS_navigation::2,0.75,0.5833333333333334,14,24,0.7532467532467533
en,https://en.wikibooks.org/wiki/Coaching_Youth_Middle_Distance_Runners/Nutrition::2,0.75,0.7333333333333333,22,30,0.6981132075471698
en,https://en.wikibooks.org/wiki/Ancient_China/Government::1,0.75,0.6923076923076923,9,13,0.7435897435897436
en,https://en.wikinews.org/wiki/Australian_treasurer_enters_nuclear_debate::2,0.75,1.0,7,7,0.7261904761904762
en,https://en.wikinews.org/wiki/Sealing_ships_trapped_in_ice_off_coast_of_Newfoundland::2,0.75,0.75,6,8,0.7457627118644068
en,https://en.wikivoyage.org/wiki/Casablanca::1,0.75,0.7777777777777778,7,9,0.7452229299363057
en,https://en.wikinews.org/wiki/Spanish_football:_Sevilla_signs_Aleix_Vidal_from_FC_Barcelona::2,0.75,0.5,4,8,0.7272727272727273
en,https://en.wikinews.org/wiki/IEEE_approves_802.11n_standard_after_six_years::2,0.75,0.75,6,8,0.7888888888888889
en,https://en.wikivoyage.org/wiki/Meteora::1,0.75,0.7272727272727273,16,22,0.7478260869565218
en,https://en.wikinews.org/wiki/Renault_F1_launch_criminal_complaint_against_former_driver_over_race-fixing_allegation::2,0.75,0.7777777777777778,7,9,0.7183098591549296
en,https://en.wikinews.org/wiki/Space_station_crew_perform_successful_spacewalk::2,0.75,0.6666666666666666,4,6,0.7540983606557377
en,https://en.wikibooks.org/wiki/Cognitive_Psychology_and_Cognitive_Neuroscience/Problem_Solving_from_an_Evolutionary_Perspective::2,0.75,0.7894736842105263,15,19,0.7297297297297297
en,https://en.wikibooks.org/wiki/Wikijunior:The_Elements/Hydrogen::2,0.75,0.6666666666666666,10,15,0.7121212121212122
en,https://en.wikinews.org/wiki/2010_FIBA_World_Championship_starts::2,0.75,1.0,4,4,0.75
en,https://en.wikibooks.org/wiki/Wikijunior:Big_Cats/Ocelot::2,0.75,0.7142857142857143,15,21,0.7431192660550459
en,https://en.wikinews.org/wiki/South_Africa_end_All_Blacks%27_15-game_winning_streak::1,0.75,0.75,3,4,0.7457627118644068
en,https://en.wikivoyage.org/wiki/Hiking_destinations_in_Norway::1,0.75,0.6470588235294118,11,17,0.7532467532467533
en,https://en.wikinews.org/wiki/Another_arrest_in_Minnesota_school_shooting::2,0.75,0.8,8,10,0.7368421052631579
en,https://en.wikivoyage.org/wiki/Cold_weather::1,0.75,0.7894736842105263,15,19,0.7142857142857143
en,https://en.wikivoyage.org/wiki/Corcovado_National_Park::2,0.75,0.5909090909090909,13,22,0.7338129496402878
en,https://en.wikibooks.org/wiki/Wikijunior:Ancient_Civilizations/What_is_a_Civilization%3F::2,0.75,0.8333333333333334,5,6,0.75
en,https://en.wikibooks.org/wiki/Exercise_as_it_relates_to_Disease/Can_Exercise_Really_Help_Multiple_Sclerosis%3F::1,0.75,0.95,19,20,0.75
en,https://en.wikivoyage.org/wiki/Winter_driving::1,0.75,0.6363636363636364,14,22,0.7181818181818181
en,https://en.wikibooks.org/wiki/Goats/Introduction::1,0.75,0.7647058823529411,13,17,0.7311827956989247
en,https://en.wikinews.org/wiki/Australian_Big_Brother_cleared_of_breaching_content_laws::1,0.75,0.8888888888888888,8,9,0.703125
en,https://en.wikibooks.org/wiki/Coaching_Youth_Middle_Distance_Runners/Introduction::2,0.75,0.9166666666666666,11,12,0.7362637362637363
en,https://en.wikivoyage.org/wiki/Past_events/Wikimania_2018_Cape_Town_Guidebook::2,0.75,1.0,8,8,0.6923076923076923
en,https://en.wikivoyage.org/wiki/Hiking::1,0.75,0.7619047619047619,16,21,0.7011494252873564
en,https://en.wikinews.org/wiki/Fossilized_remains_of_small_dinosaur_rediscovered_in_Canada::1,0.75,0.6,3,5,0.7721518987341772
en,https://en.wikivoyage.org/wiki/Plitvice_Lakes_National_Park::2,0.75,0.6,3,5,0.7053571428571429
en,https://en.wikinews.org/wiki/US_helicopter_with_17_on_board_believed_to_have_been_shot_down_in_Afghanistan::2,0.75,1.0,5,5,0.7096774193548387
en,https://en.wikibooks.org/wiki/European_History/Challenges_to_Spiritual_Authority::1,0.75,0.6349206349206349,40,63,0.7419354838709677
en,"https://en.wikinews.org/wiki/Gas_explosion_reported_in_Hammersmith,_London::1",0.75,0.8,4,5,0.7282608695652174
en,https://en.wikivoyage.org/wiki/First_and_business_class_flights::1,0.75,0.875,7,8,0.7313432835820896
en,https://en.wikinews.org/wiki/West_Indies_wins_the_third_match_of_the_cricket_series_against_India::2,0.75,0.7777777777777778,7,9,0.7142857142857143
en,https://en.wikibooks.org/wiki/The_Cold_War/Hungarian_Revolution::1,0.75,0.6666666666666666,14,21,0.7325581395348837
en,https://en.wikinews.org/wiki/Susan_G._Komen_Foundation_stops_funding_to_Planned_Parenthood::2,0.75,0.8571428571428571,6,7,0.7410714285714286
en,https://en.wikivoyage.org/wiki/Visa::1,0.75,0.6666666666666666,12,18,0.71
en,https://en.wikinews.org/wiki/Iraq_Study_Group_Report:_Iraq_could_be_on_a_slide_towards_chaos::1,0.75,0.76,19,25,0.7338129496402878
en,https://en.wikivoyage.org/wiki/Travel_advisories::2,0.75,0.6666666666666666,20,30,0.7289719626168224
en,https://en.wikinews.org/wiki/Former_U.S._National_Security_Advisor_Zbigniew_Brzezinski_dies_aged_89::1,0.75,0.6571428571428571,23,35,0.7307692307692307
en,https://en.wikibooks.org/wiki/Wikijunior:Solar_System/The_Sun::2,0.75,0.5714285714285714,8,14,0.7536231884057971
en,https://en.wikivoyage.org/wiki/Baltic_Sea_ferries::1,0.75,0.75,3,4,0.7021276595744681
en,https://en.wikivoyage.org/wiki/Air_courier::1,0.75,0.75,9,12,0.7232142857142857
en,https://en.wikibooks.org/wiki/Sikhism::2,0.75,0.64,16,25,0.7443609022556391
en,https://en.wikibooks.org/wiki/Wikijunior:Solar_System/Moon::1,0.75,0.75,33,44,0.7411764705882353
ko,https://en.wikinews.org/wiki/U.S._President_arrives_in_Singapore::1,0.33,0.2,1,5,0.30327868852459017
ko,https://en.wikibooks.org/wiki/Lucid_Dreaming/Introduction::2,0.33,0.29411764705882354,5,17,0.3493150684931507
ko,https://en.wikinews.org/wiki/Canadian_professional_wrestler_Luna_Vachon_dies_aged_48::1,0.33,0.5714285714285714,4,7,0.31746031746031744
ko,https://en.wikinews.org/wiki/La_La_Land_receives_record-equalling_fourteen_Oscar_nominations;_Hacksaw_Ridge_gets_six::1,0.33,0.14285714285714285,1,7,0.3064516129032258
ko,https://en.wikinews.org/wiki/Huge_Gay_Pride_parade_held_in_Brazil::1,0.33,0.45454545454545453,5,11,0.3508771929824561
ko,https://en.wikibooks.org/wiki/Wikijunior:Ancient_Civilizations/Egyptians::2,0.33,0.4,8,20,0.3446327683615819
ko,https://en.wikivoyage.org/wiki/Travel_in_developing_countries::2,0.33,0.3333333333333333,5,15,0.3388888888888889
ko,https://en.wikivoyage.org/wiki/Water::1,0.33,0.36363636363636365,4,11,0.36363636363636365
ko,https://en.wikinews.org/wiki/Golf_and_rugby_set_to_return_to_the_Olympic_Games::2,0.33,0.23076923076923078,3,13,0.3409090909090909
ko,https://en.wikibooks.org/wiki/Coaching_Youth_Middle_Distance_Runners/Training::1,0.33,0.07692307692307693,1,13,0.3048780487804878
ko,https://en.wikibooks.org/wiki/Wikijunior:Ancient_Civilizations/Hebrews::1,0.33,0.0,0,6,0.29896907216494845
ko,https://en.wikinews.org/wiki/Saturn%27s_moon_Titan_hosts_liquid_lakes_and_rivers::2,0.33,0.0,0,2,0.33636363636363636
ko,https://en.wikinews.org/wiki/Toronto_team-led_research_on_Type_1_Diabetes_%27groundbreaking%27::1,0.33,0.42857142857142855,3,7,0.3358208955223881
ko,https://en.wikibooks.org/wiki/Animal_Behavior/Population_Genetics::2,0.33,0.5555555555555556,5,9,0.313953488372093
ko,https://en.wikinews.org/wiki/Edmonton_prison_conflict_wounds_eight::2,0.33,0.38461538461538464,5,13,0.3048780487804878
ko,https://en.wikinews.org/wiki/Burning_debris_from_satellites_spotted_over_several_US_cities::1,0.33,0.16666666666666666,2,12,0.3140495867768595
ko,https://en.wikibooks.org/wiki/The_Seven_Wonders_of_the_World/The_Temple_of_Artemis::2,0.33,0.2,2,10,0.32653061224489793
ko,https://en.wikibooks.org/wiki/American_Revolution/The_Declaration_of_Independence::1,0.33,0.4,4,10,0.35909090909090907
ko,https://en.wikinews.org/wiki/Italy_arrests_reputed_Mafia_boss_Lo_Piccolo::2,0.33,0.2857142857142857,4,14,0.3317972350230415
ko,https://en.wikivoyage.org/wiki/Hostels::1,0.33,0.5,3,6,0.3013698630136986
ko,https://en.wikinews.org/wiki/8.0_magnitude_earthquake_occurs_near_Tonga::2,0.33,0.35714285714285715,5,14,0.3357142857142857
ko,https://en.wikinews.org/wiki/UK_threat_level_reduced_to_%27severe%27::1,0.33,0.4,2,5,0.3064516129032258
ko,"https://en.wikinews.org/wiki/Crossing_guard_killed_by_truck_in_Glasgow,_Scotland::1",0.33,0.42857142857142855,3,7,0.35714285714285715
ko,https://en.wikibooks.org/wiki/Wikijunior:Solar_System/Space_exploration::1,0.33,0.2727272727272727,3,11,0.35570469798657717
ko,https://en.wikinews.org/wiki/24_people_rescued_from_roller_coaster_at_California%27s_Great_America_theme_park::1,0.33,0.2857142857142857,6,21,0.3211009174311927
ko,https://en.wikivoyage.org/wiki/Internet_telephony::2,0.33,0.4444444444444444,4,9,0.31756756756756754
ko,https://en.wikibooks.org/wiki/Wikijunior:Big_Cats/Tiger::1,0.33,0.2,1,5,0.29850746268656714
ko,https://en.wikinews.org/wiki/Young_motorcycle_racer_Peter_Lenz_dies_in_race_crash_aged_13::1,0.33,0.16666666666666666,1,6,0.2909090909090909
ko,https://en.wikivoyage.org/wiki/Boating_on_the_Baltic_Sea::2,0.33,0.4666666666666667,7,15,0.328125
ko,https://en.wikibooks.org/wiki/Basic_Physics_of_Digital_Radiography/The_Computer::2,0.33,0.25,2,8,0.3194444444444444
ko,https://en.wikibooks.org/wiki/Wikijunior:Dinosaurs/Extinction::2,0.33,0.3076923076923077,4,13,0.36666666666666664
ko,https://en.wikibooks.org/wiki/Wikijunior:United_States_Charters_of_Freedom/Declaration_of_Independence::1,0.33,0.2222222222222222,2,9,0.33497536945812806
ko,https://en.wikibooks.org/wiki/Wikijunior:World_War_II/Battle_of_Britain::1,0.33,0.4,6,15,0.30601092896174864
ko,https://en.wikibooks.org/wiki/Golf::1,0.33,0.4166666666666667,5,12,0.31896551724137934
ko,https://en.wikibooks.org/wiki/Wikijunior:How_Things_Work/Computer::1,0.33,0.2727272727272727,3,11,0.3372093023255814
ko,"https://en.wikinews.org/wiki/Red_tide_affects_South_Padre_Island,_Mexico::1",0.33,0.5,2,4,0.35555555555555557
ko,https://en.wikinews.org/wiki/Cosmonaut_Alexei_Leonov_dies_at_age_85::2,0.33,0.6,3,5,0.3464052287581699
ko,"https://en.wikinews.org/wiki/No_bomb_threat,_hijacking_of_plane_in_China%27s_Xinjiang_region_according_to_Afghan_officials::2",0.33,0.42857142857142855,3,7,0.3431372549019608
ko,https://en.wikivoyage.org/wiki/Galapagos_Islands::1,0.33,0.17857142857142858,5,28,0.36477987421383645
ko,https://en.wikivoyage.org/wiki/Travelling_around_the_Schengen_Area::1,0.33,0.35714285714285715,5,14,0.3032258064516129
ko,https://en.wikinews.org/wiki/Trade_hall_roof_collapses_in_Poland::1,0.33,0.6666666666666666,2,3,0.3592233009708738
ko,https://en.wikinews.org/wiki/Teen_post_officer_hides_400_New_Year_cards_in_Japanese_snow::1,0.33,0.3333333333333333,5,15,0.41
ko,"https://en.wikinews.org/wiki/Phone_threat_closes_tunnels,_snarls_traffic_in_Baltimore,_Maryland::2",0.33,0.4,2,5,0.3229166666666667
ko,https://en.wikivoyage.org/wiki/Staycation::1,0.33,0.25,7,28,0.3219178082191781
ko,https://en.wikivoyage.org/wiki/Yellowstone_National_Park::2,0.33,0.3333333333333333,5,15,0.3333333333333333
ko,https://en.wikinews.org/wiki/Bali_climate_change_conference_begins::2,0.33,0.2,1,5,0.3333333333333333
ko,https://en.wikibooks.org/wiki/History_of_Islam/Early_Islam::1,0.33,0.391304347826087,9,23,0.3480392156862745
ko,https://en.wikinews.org/wiki/Brazilian_footballer_Gabriel_Jesus_signs_contract_extension_with_Manchester_City::2,0.33,0.6666666666666666,6,9,0.36470588235294116
ko,https://en.wikivoyage.org/wiki/Advice_for_nervous_flyers::1,0.33,0.27586206896551724,8,29,0.35526315789473684
ko,https://en.wikinews.org/wiki/A_5.6_Richter_quake_hits_Western_Montana::1,0.33,0.16666666666666666,1,6,0.2604166666666667
ko,https://en.wikivoyage.org/wiki/Wildlife_photography::1,0.33,0.3,3,10,0.34972677595628415
ko,https://en.wikibooks.org/wiki/Social_and_Cultural_Foundations_of_American_Education/Technology/Role::1,0.33,0.25,11,44,0.327683615819209
ko,https://en.wikibooks.org/wiki/Exercise_as_it_relates_to_Disease/Physical_activity_effect_on_mental_health_in_people_with_chronic_lower_back_pain::1,0.33,0.3333333333333333,5,15,0.3217391304347826
ko,https://en.wikivoyage.org/wiki/Bread_and_confectionery::2,0.33,0.5,3,6,0.34615384615384615
ko,https://en.wikinews.org/wiki/Nathalie_Carpanedo_finishes_wild_card_run_at_2013_IPC_Alpine_World_Championships::1,0.33,0.1111111111111111,1,9,0.3409090909090909
ko,https://en.wikivoyage.org/wiki/Charlotte_with_children::1,0.33,0.42857142857142855,3,7,0.3125
ko,https://en.wikibooks.org/wiki/Wikijunior:South_America/The_Amazon::1,0.33,0.3333333333333333,3,9,0.3221476510067114
ko,https://en.wikibooks.org/wiki/European_History/World_War_I::2,0.33,0.3333333333333333,5,15,0.3288590604026846
ko,https://en.wikivoyage.org/wiki/Round_the_world_flights::2,0.33,0.0,0,5,0.34104046242774566
ko,https://en.wikibooks.org/wiki/Introduction_to_Sociology/Society::2,0.33,0.25,1,4,0.3113207547169811
ko,https://en.wikinews.org/wiki/New_Australian_Prime_Minister_signs_Kyoto::2,0.33,0.2,2,10,0.30392156862745096
ko,https://en.wikivoyage.org/wiki/Mobile_phones::1,0.33,0.25,4,16,0.319672131147541
ko,https://en.wikinews.org/wiki/Canadian_Prime_Minister_Harper_agrees_to_send_%27Clean_Air_Act%27_to_committee::2,0.33,0.1875,3,16,0.3459915611814346
ko,https://en.wikibooks.org/wiki/Wikijunior:Biology/Origin_of_Life::1,0.33,0.38461538461538464,5,13,0.3068181818181818
ko,https://en.wikivoyage.org/wiki/Cross_country_skiing::1,0.33,0.36363636363636365,4,11,0.33125
ko,https://en.wikibooks.org/wiki/Animal_Behavior/Biological_Rhythms::1,0.33,0.35294117647058826,6,17,0.36585365853658536
ko,https://en.wikivoyage.org/wiki/Sundarbans_National_Park::1,0.33,0.1111111111111111,1,9,0.3432203389830508
ko,https://en.wikivoyage.org/wiki/Noum%C3%A9a::1,0.33,0.6,3,5,0.3106796116504854
ko,https://en.wikibooks.org/wiki/Wikijunior:Languages/Hindi::2,0.33,0.0,0,2,0.3424657534246575
ko,https://en.wikivoyage.org/wiki/Culture_shock::1,0.33,0.4,4,10,0.33707865168539325
ko,https://en.wikinews.org/wiki/The_Onion:_An_interview_with_%27America%27s_Finest_News_Source%27::1,0.33,0.3125,5,16,0.3187250996015936
ko,https://en.wikinews.org/wiki/Anti-ACTA_activists_protest_across_Europe::2,0.33,0.5,4,8,0.336283185840708
ko,https://en.wikinews.org/wiki/Senate_questions_Roberts_in_confirmation_hearings::1,0.33,0.13636363636363635,3,22,0.3233082706766917
ko,https://en.wikibooks.org/wiki/Introduction_to_Sociology/Race_and_Ethnicity::2,0.33,0.42857142857142855,3,7,0.36046511627906974
ko,https://en.wikivoyage.org/wiki/Bed_and_breakfasts::1,0.33,0.2727272727272727,3,11,0.3287671232876712
ko,https://en.wikinews.org/wiki/UK_government_outlines_plans_for_rail_transport::1,0.33,0.25,2,8,0.38095238095238093
ko,https://en.wikinews.org/wiki/Russian_military_cargo_jet_crash_kills_eleven_in_Siberia::1,0.33,0.3333333333333333,5,15,0.36792452830188677
ko,https://en.wikibooks.org/wiki/Wikijunior:Asia/Bhutan::1,0.33,0.35714285714285715,5,14,0.3372093023255814
ko,https://en.wikinews.org/wiki/FAA:_Metroplex_NextGen_project_in_place_in_north_Texas::2,0.33,0.3076923076923077,4,13,0.34951456310679613
ko,https://en.wikivoyage.org/wiki/Antarctica::1,0.33,0.25,1,4,0.31794871794871793
ko,https://en.wikibooks.org/wiki/How_to_Play_Violin/Bowing::1,0.33,0.2857142857142857,4,14,0.33125
ko,https://en.wikinews.org/wiki/Naked_News_to_create_international_language_editions::1,0.33,0.42857142857142855,3,7,0.26881720430107525
ko,https://en.wikibooks.org/wiki/Pakistani_History/Prehistory/Bronze_Age/Indus_Valley_Civilization::2,0.33,0.44,11,25,0.3235294117647059
ko,https://en.wikibooks.org/wiki/Sensory_Systems/Visual_System::1,0.33,0.23076923076923078,3,13,0.308411214953271
ko,https://en.wikinews.org/wiki/Nationalised_bank_Northern_Rock_sold_to_Virgin_Money::1,0.33,0.8,4,5,0.3333333333333333
ko,https://en.wikinews.org/wiki/Typhoon_prompts_massive_evacuations_in_China::1,0.33,0.25,1,4,0.3333333333333333
ko,https://en.wikibooks.org/wiki/Wikijunior:Languages/Sanskrit::2,0.33,0.2857142857142857,2,7,0.3473053892215569
ko,https://en.wikibooks.org/wiki/Wikijunior:Europe/Luxembourg::2,0.33,0.25,3,12,0.3076923076923077
ko,https://en.wikibooks.org/wiki/Wikijunior:Ancient_Civilizations/Romans::1,0.33,0.25,3,12,0.33689839572192515
ko,https://en.wikinews.org/wiki/Explorers_find_shipwreck_thought_to_be_massive_WWII_battleship_Musashi::1,0.33,0.25,2,8,0.3238095238095238
ko,https://en.wikibooks.org/wiki/The_Organ_Systems/nervous::1,0.33,0.0,0,4,0.3283582089552239
ko,https://en.wikibooks.org/wiki/Introductory_Tourism::2,0.33,0.23076923076923078,3,13,0.2937062937062937
ko,https://en.wikinews.org/wiki/Two-day_bird_flu_conference_draws_$1.9_billion_in_pledges::1,0.33,0.1,1,10,0.37398373983739835
ko,https://en.wikinews.org/wiki/Distributed_computing_to_get_%22interstellar_project%22::1,0.33,0.4,2,5,0.32196969696969696
ko,https://en.wikinews.org/wiki/US_officials_flood_Grand_Canyon_to_restore_ecosystem::1,0.33,0.3333333333333333,2,6,0.30985915492957744
ko,https://en.wikivoyage.org/wiki/Alcoholic_beverages::2,0.33,0.25,1,4,0.27692307692307694
ko,https://en.wikibooks.org/wiki/History_of_Technology/Cultural_Determinism::1,0.33,0.6666666666666666,2,3,0.2980769230769231
ko,https://en.wikinews.org/wiki/Seven_caves_found_on_Mars:_NASA::2,0.33,0.3333333333333333,4,12,0.34554973821989526
ko,https://en.wikivoyage.org/wiki/Aggregators::2,0.33,0.4444444444444444,4,9,0.3013698630136986
ko,https://en.wikivoyage.org/wiki/Canyoning::2,0.33,0.5,4,8,0.2988505747126437
ko,https://en.wikinews.org/wiki/Parts_of_New_Orleans_flood_again::1,0.33,0.5,2,4,0.3076923076923077
ko,https://en.wikivoyage.org/wiki/Downhill_snowsports::2,0.33,0.42857142857142855,3,7,0.3604060913705584
ko,https://en.wikivoyage.org/wiki/Travellers%27_diarrhea::2,0.33,0.17647058823529413,3,17,0.3493975903614458
ko,https://en.wikibooks.org/wiki/American_Revolution/The_Battles_of_Trenton_and_Princeton::2,0.33,0.5,2,4,0.3353658536585366
ko,https://en.wikinews.org/wiki/Apple_introduces_iPhone_and_Apple_TV::2,0.33,0.4,2,5,0.34782608695652173
ko,https://en.wikivoyage.org/wiki/Regional_coding::2,0.33,0.875,7,8,0.35135135135135137
ko,https://en.wikibooks.org/wiki/Wikijunior:How_Things_Work/Nuclear_Bomb::1,0.33,0.2857142857142857,2,7,0.32456140350877194
ko,https://en.wikibooks.org/wiki/Applied_Ecology/New_Societies_and_Cultures::1,0.33,0.4,2,5,0.32558139534883723
ko,https://en.wikinews.org/wiki/Scientists_report_two_life-saving_treatments_for_Ebola::2,0.33,0.5294117647058824,9,17,0.37681159420289856
ko,https://en.wikivoyage.org/wiki/Budget_travel::2,0.33,0.42857142857142855,3,7,0.3006535947712418
ko,https://en.wikibooks.org/wiki/Wikijunior:Biology/Kingdoms/Animals::2,0.33,0.2857142857142857,4,14,0.37962962962962965
ko,https://en.wikibooks.org/wiki/Wikijunior:Big_Cats/Lion::2,0.33,0.0,0,6,0.3422818791946309
ko,https://en.wikinews.org/wiki/USA_Gymnastics_board_resigning_after_sex_abuse::2,0.33,0.2777777777777778,5,18,0.32367149758454106
ko,"https://en.wikinews.org/wiki/Beverly_Hall,_indicted_public_school_superintendent,_dies_aged_68::2",0.33,0.3076923076923077,4,13,0.3220338983050847
ko,https://en.wikivoyage.org/wiki/Caucasus::2,0.33,0.25,3,12,0.3230769230769231
ko,https://en.wikivoyage.org/wiki/Gambling::1,0.33,0.25,1,4,0.3387096774193548
ko,https://en.wikivoyage.org/wiki/Maori_culture::2,0.33,0.1111111111111111,1,9,0.33035714285714285
ko,https://en.wikibooks.org/wiki/Philippine_History/The_Philippine-American_War::1,0.33,0.30434782608695654,7,23,0.31932773109243695
ko,https://en.wikinews.org/wiki/Hungary%27s_St_Stephen%27s_Day_hit_by_storm:_3_left_dead::1,0.33,0.3684210526315789,7,19,0.3241758241758242
ko,https://en.wikivoyage.org/wiki/Border_crossing::1,0.33,0.3125,5,16,0.2857142857142857
ko,https://en.wikinews.org/wiki/Scientists_say_new_medical_diagnostic_chip_can_sort_cells_anywhere_with_an_inkjet::1,0.33,0.5384615384615384,7,13,0.366412213740458
ko,https://en.wikinews.org/wiki/German_judge_orders_life_sentence_for_nation%27s_%27first_Islamic-motivated_terror_attack%27::1,0.33,0.6,3,5,0.2994350282485876
ko,https://en.wikinews.org/wiki/Japanese_Olympic_judoka_Hitoshi_Saito_dies_aged_54::1,0.33,0.4444444444444444,4,9,0.24752475247524752
ko,https://en.wikinews.org/wiki/North_Korea_agrees_to_disable_its_main_nuclear_reactor::1,0.33,0.2857142857142857,4,14,0.3157894736842105
ko,https://en.wikivoyage.org/wiki/Vancouver::1,0.33,0.3333333333333333,2,6,0.3526315789473684
ko,https://en.wikivoyage.org/wiki/Astronomy::2,0.33,0.5384615384615384,7,13,0.33962264150943394
ko,https://en.wikivoyage.org/wiki/San_Francisco::2,0.33,0.15384615384615385,2,13,0.26380368098159507
ko,https://en.wikibooks.org/wiki/All_About_Converting_From_Several_Video_Formats_To_DVD::2,0.33,0.0,0,10,0.3409090909090909
ko,https://en.wikibooks.org/wiki/Wikijunior:World_War_II/Submarines::1,0.33,0.18181818181818182,2,11,0.33695652173913043
ko,https://en.wikinews.org/wiki/Fighter_jet_crashes_during_Children%27s_Day_airshow_in_Thailand::2,0.33,0.4,2,5,0.34615384615384615
ko,https://en.wikinews.org/wiki/Michael_Schumacher_calls_off_Formula_1_comeback_due_to_injury::2,0.33,0.36363636363636365,4,11,0.33980582524271846
ko,https://en.wikibooks.org/wiki/Environmental_theory_and_collection_of_ideas/Environmentalism_and_survival::1,0.33,0.36363636363636365,4,11,0.3283582089552239
ko,https://en.wikivoyage.org/wiki/Walt_Disney_World::2,0.33,0.5454545454545454,6,11,0.34080717488789236
ko,https://en.wikivoyage.org/wiki/Kruger_National_Park::2,0.33,0.3333333333333333,2,6,0.34545454545454546
ko,https://en.wikinews.org/wiki/Khyber_Pakhtunkhwa_Provincial_Assembly_votes_to_merge_with_Pakistani_Federally_Administered_Tribal_Areas::1,0.33,0.5714285714285714,8,14,0.2872340425531915
ko,https://en.wikibooks.org/wiki/Wikijunior:Ancient_Civilizations/Greeks::1,0.33,1.0,1,1,0.31901840490797545
ko,https://en.wikivoyage.org/wiki/Victoria_Falls::1,0.33,0.16666666666666666,2,12,0.3333333333333333
ko,https://en.wikibooks.org/wiki/Wikijunior:How_Things_Work/Time::2,0.33,0.14285714285714285,1,7,0.2826086956521739
ko,https://en.wikivoyage.org/wiki/West_Africa::2,0.33,0.2222222222222222,2,9,0.32666666666666666
ko,https://en.wikivoyage.org/wiki/Birdwatching::2,0.33,0.3333333333333333,2,6,0.34782608695652173
ko,https://en.wikibooks.org/wiki/Wikijunior:How_Things_Work/Light_Bulb::2,0.33,0.17391304347826086,4,23,0.373134328358209
ko,https://en.wikivoyage.org/wiki/French_phrasebook::1,0.33,0.4,2,5,0.3660130718954248
ko,"https://en.wikinews.org/wiki/Car_crashes_into_house_in_Suffolk,_UK,_seriously_injuring_man::1",0.33,0.2631578947368421,5,19,0.35172413793103446
ko,https://en.wikibooks.org/wiki/Cognitive_Psychology_and_Cognitive_Neuroscience/Evolutionary_Perspective_on_Social_Cognitions::2,0.33,0.16666666666666666,2,12,0.3176470588235294
ko,https://en.wikivoyage.org/wiki/Music_festival_circuit::1,0.33,0.25,2,8,0.32575757575757575
ko,https://en.wikinews.org/wiki/Rare_Middle_East_cyclone_batters_Oman::2,0.33,0.3333333333333333,1,3,0.325
ko,https://en.wikibooks.org/wiki/First_Aid/Poisoning::1,0.33,0.2857142857142857,6,21,0.34285714285714286
ko,https://en.wikibooks.org/wiki/Social_and_Cultural_Foundations_of_American_Education/Technology/Social_Media::2,0.33,0.45454545454545453,5,11,0.3402777777777778
ko,https://en.wikibooks.org/wiki/Wikijunior:How_Things_Work/Flush_Toilet::1,0.33,0.2857142857142857,4,14,0.3391304347826087
ko,https://en.wikinews.org/wiki/India_struggles_with_encephalitis_outbreak::2,0.33,0.25,1,4,0.33727810650887574
ko,https://en.wikinews.org/wiki/Sandra_Fluke_insists_she_will_not_be_silenced::1,0.33,0.42857142857142855,3,7,0.29347826086956524
ko,https://en.wikivoyage.org/wiki/Horse_riding::2,0.33,0.4444444444444444,4,9,0.30994152046783624
ko,https://en.wikibooks.org/wiki/High_School_Earth_Science/Telescopes::1,0.33,0.14285714285714285,1,7,0.3218390804597701
ko,"https://en.wikinews.org/wiki/Strong_6.3_earthquake_reported_in_Sumatra,_Indonesia::1",0.33,0.2727272727272727,3,11,0.3068181818181818
ko,https://en.wikibooks.org/wiki/Fencing::1,0.33,0.4444444444444444,4,9,0.3559322033898305
ko,https://en.wikinews.org/wiki/Seven_killed_in_Chinese_bombing::1,0.33,0.3,3,10,0.35365853658536583
ko,https://en.wikivoyage.org/wiki/Chile::2,0.33,0.25,2,8,0.32
ko,https://en.wikivoyage.org/wiki/Thimphu::2,0.33,0.3333333333333333,4,12,0.34
ko,https://en.wikinews.org/wiki/New_fossils_from_10_million_year_old_ape_found_in_Ethiopia::2,0.33,0.0,0,9,0.3793103448275862
ko,https://en.wikinews.org/wiki/Cholera_outbreak_hits_Angola::1,0.33,0.1,1,10,0.297029702970297
ko,https://en.wikinews.org/wiki/Funeral_of_Pope_John_Paul_II_takes_place::2,0.33,0.6,3,5,0.38095238095238093
ko,https://en.wikivoyage.org/wiki/Rock_climbing::1,0.33,0.3333333333333333,2,6,0.3269230769230769
ko,https://en.wikinews.org/wiki/Nadal_beats_Raonic_to_reach_Australian_Open_semis::2,0.33,0.4,2,5,0.27049180327868855
ko,https://en.wikivoyage.org/wiki/Flying_to_Africa::1,0.33,0.23529411764705882,4,17,0.313953488372093
ko,https://en.wikivoyage.org/wiki/Hospitality_exchange::2,0.33,0.2857142857142857,2,7,0.3114754098360656
ko,https://en.wikinews.org/wiki/Bomb_blasts_kill_several_in_Iran::1,0.33,0.4,6,15,0.3076923076923077
ko,https://en.wikibooks.org/wiki/Wikijunior:World_Heritage_Sites/Serengeti::2,0.33,0.0,0,9,0.30656934306569344
ko,https://en.wikibooks.org/wiki/Fundamentals_of_Transportation/Introduction::2,0.33,0.15384615384615385,2,13,0.3474576271186441
ko,https://en.wikibooks.org/wiki/Wikijunior:How_Things_Work/Laser::1,0.33,0.3125,5,16,0.3116883116883117
ko,https://en.wikibooks.org/wiki/Wikijunior:Biology/Cells::1,0.33,0.5714285714285714,4,7,0.272
ko,https://en.wikinews.org/wiki/Photojournalist_photographing_Justin_Bieber%27s_car_run_over_by_another_vehicle::2,0.33,0.25,2,8,0.32195121951219513
ko,"https://en.wikinews.org/wiki/Benin,_Nigeria_join_African_Union_continental_free_trade_bloc::1",0.33,0.0,0,8,0.35537190082644626
ko,https://en.wikinews.org/wiki/Nintendo_unveils_controller_for_Revolution_console::2,0.33,0.2,1,5,0.3464566929133858
ko,https://en.wikibooks.org/wiki/Basic_Physics_of_Digital_Radiography/The_Basics::2,0.33,0.42857142857142855,3,7,0.33587786259541985
ko,https://en.wikinews.org/wiki/Amazon_to_buy_smart_doorbell_startup_Ring::2,0.33,0.25,3,12,0.32679738562091504
ko,https://en.wikivoyage.org/wiki/Hong_Kong::1,0.33,0.3,9,30,0.35978835978835977
ko,"https://en.wikinews.org/wiki/Aerosmith_sued_over_late_cancellation_of_gig_in_Maui,_Hawaii::1",0.33,0.35714285714285715,5,14,0.34615384615384615
ko,https://en.wikivoyage.org/wiki/Guanajuato::1,0.33,0.2857142857142857,2,7,0.3275862068965517
ko,https://en.wikivoyage.org/wiki/Streymoy::1,0.33,0.4,4,10,0.3373493975903614
ko,https://en.wikinews.org/wiki/Iranian_passenger_jet%27s_wheel_catches_fire::1,0.33,0.25,5,20,0.3333333333333333
ko,https://en.wikinews.org/wiki/Philae_space_probe_lands_on_comet::1,0.33,0.14285714285714285,1,7,0.3516483516483517
ko,https://en.wikibooks.org/wiki/Introduction_to_Paleoanthropology/Bones::1,0.33,0.25,2,8,0.31851851851851853
ko,"https://en.wikinews.org/wiki/Hong_Kong_tourists_held_hostage_in_the_Philippines,_nine_killed::2",0.33,0.2,2,10,0.3013698630136986
ko,https://en.wikivoyage.org/wiki/Barcelona::1,0.33,0.16666666666666666,1,6,0.3728813559322034
ko,https://en.wikivoyage.org/wiki/Grand_Canyon::2,0.33,0.3333333333333333,2,6,0.2848101265822785
ko,https://en.wikivoyage.org/wiki/Studying_abroad::1,0.33,0.38235294117647056,13,34,0.3006134969325153
ko,https://en.wikinews.org/wiki/War_between_top_lawyers_in_Greece::1,0.33,0.6666666666666666,2,3,0.3177966101694915
ko,https://en.wikibooks.org/wiki/Introduction_to_Sociology/Culture::1,0.33,0.26666666666666666,4,15,0.31788079470198677
ko,https://en.wikinews.org/wiki/New_South_Wales_government_starts_trial_of_hunting_in_national_parks::1,0.33,0.1,1,10,0.3269230769230769
ko,https://en.wikinews.org/wiki/French_campaigning_film_director_Ren%C3%A9_Vautier_dies::2,0.33,0.3333333333333333,3,9,0.2857142857142857
ko,https://en.wikivoyage.org/wiki/German_phrasebook::2,0.33,0.25,3,12,0.34831460674157305
ko,https://en.wikinews.org/wiki/EBay_to_acquire_Skype::1,0.33,0.0,0,1,0.2830188679245283
ko,https://en.wikinews.org/wiki/Spanish_football_captain_dies_at_26::2,0.33,0.4,2,5,0.3466666666666667
ko,https://en.wikibooks.org/wiki/Warfare::2,0.33,0.3125,10,32,0.3439153439153439
ko,https://en.wikinews.org/wiki/Building_collapses_in_Mecca_at_eve_of_Hajj_pillgrimage::1,0.33,0.16666666666666666,1,6,0.2857142857142857
ko,https://en.wikinews.org/wiki/Haitian_cholera_victims_threaten_United_Nations_with_lawsuit::2,0.33,0.5,2,4,0.32019704433497537
ko,https://en.wikinews.org/wiki/Icelandic_Hekla_volcano_shows_signs_of_activity::1,0.33,0.2,4,20,0.35570469798657717
ko,"https://en.wikinews.org/wiki/Sun%27s_mood_swings_not_so_strange_after_all,_say_scientists::2",0.33,0.25,2,8,0.2988505747126437
ko,https://en.wikivoyage.org/wiki/Travel_agencies::1,0.33,0.3125,5,16,0.3076923076923077
ko,https://en.wikibooks.org/wiki/Introduction_to_Paleoanthropology/Genetics/Introduction::1,0.33,0.4,2,5,0.3333333333333333
ko,https://en.wikinews.org/wiki/Texas_governor_and_health_officials_address_public_regarding_Ebola_case::2,0.33,0.6666666666666666,2,3,0.3291139240506329
ko,https://en.wikibooks.org/wiki/Castles_of_England/The_Development_of_the_Castle::1,0.33,0.6666666666666666,6,9,0.3271604938271605
ko,https://en.wikivoyage.org/wiki/Moldova::1,0.33,0.3125,5,16,0.3105590062111801
ko,https://en.wikinews.org/wiki/Apple_Japan_to_replace_overheating_iPod_Nanos::2,0.33,0.5,3,6,0.3188405797101449
ko,https://en.wikivoyage.org/wiki/Sleep::1,0.33,0.23076923076923078,3,13,0.31137724550898205
ko,https://en.wikibooks.org/wiki/Wikijunior:Ancient_Civilizations/Assyrians::1,0.33,0.25,1,4,0.29927007299270075
ko,https://en.wikivoyage.org/wiki/Tornado_safety::2,0.33,0.4,4,10,0.3389830508474576
ko,https://en.wikivoyage.org/wiki/Travel_photography/Film::1,0.33,0.5,3,6,0.4014084507042254
ko,https://en.wikibooks.org/wiki/French_Revolution/Effects::1,0.33,0.4,12,30,0.3333333333333333
ko,https://en.wikivoyage.org/wiki/War_zone_safety::2,0.33,0.38461538461538464,5,13,0.3223684210526316
ko,https://en.wikibooks.org/wiki/Wikijunior:Europe/Turkey::1,0.33,0.0,0,7,0.3432203389830508
ko,https://en.wikibooks.org/wiki/Cognitive_Psychology_and_Cognitive_Neuroscience/Behavioural_and_Neuroscience_Methods::1,0.33,0.3333333333333333,2,6,0.30256410256410254
ko,https://en.wikinews.org/wiki/Tennis:_Andy_Murray_wins_Montreal_Masters_2009::1,0.33,0.3125,5,16,0.3225806451612903
ko,https://en.wikivoyage.org/wiki/Japan%27s_Top_100_Cherry_Blossom_Spots::1,0.33,0.2,1,5,0.3103448275862069
ko,https://en.wikibooks.org/wiki/Blended_Learning_in_K-12/Blended_Learning_in_Grades_9-12::2,0.33,0.35714285714285715,5,14,0.3568627450980392
ko,https://en.wikinews.org/wiki/Judge_orders_Baltimore_City_prison_to_produce_plan_for_improvement::1,0.33,0.25,1,4,0.348993288590604
ko,https://en.wikinews.org/wiki/US_Navy_ship_damages_Tubbataha_Reef_National_Park::1,0.33,0.6,3,5,0.3565217391304348
ko,https://en.wikinews.org/wiki/Women%E2%80%99s_boxing_to_be_included_in_the_2012_Olympics_for_the_first_time::2,0.33,0.5555555555555556,5,9,0.30612244897959184
ko,https://en.wikivoyage.org/wiki/New_Mexico_Pueblos::2,0.33,0.2222222222222222,4,18,0.3473053892215569
ko,https://en.wikinews.org/wiki/Leak_suggests_John_Kerry_will_recognise_Israel_as_Jewish_state::2,0.33,0.2777777777777778,5,18,0.3515625
ko,https://en.wikibooks.org/wiki/High_School_Earth_Science/Storms::2,0.33,0.25,1,4,0.35384615384615387
ko,https://en.wikinews.org/wiki/China_promises_cut_in_carbon_dioxide_emissions::2,0.33,0.6666666666666666,2,3,0.3141025641025641
ko,https://en.wikibooks.org/wiki/Yoga/Yoga_Tales::1,0.33,0.36363636363636365,4,11,0.2905027932960894
ko,https://en.wikinews.org/wiki/President_of_Costa_Rica_contracts_H1N1_swine_flu::1,0.33,0.125,2,16,0.3464566929133858
ko,https://en.wikibooks.org/wiki/Wikijunior:Dinosaurs/Triceratops::1,0.33,0.2727272727272727,3,11,0.33816425120772947
ko,https://en.wikinews.org/wiki/Doctor_to_be_charged_after_mother%27s_death_in_Ohio::2,0.33,0.23076923076923078,3,13,0.33472803347280333
ko,https://en.wikivoyage.org/wiki/Cascais::1,0.33,0.125,1,8,0.3181818181818182
ko,https://en.wikivoyage.org/wiki/Salar_de_Uyuni::2,0.33,0.4666666666666667,7,15,0.3644067796610169
ko,https://en.wikinews.org/wiki/France_issues_pollution_alert_as_ship_splits_off_Basque_coast::1,0.33,0.2222222222222222,2,9,0.3458646616541353
ko,https://en.wikibooks.org/wiki/History_of_Technology/Technological_Determinism::1,0.33,0.0,0,10,0.28270042194092826
ko,https://en.wikibooks.org/wiki/Remembering_the_Templars::2,0.33,0.2857142857142857,4,14,0.3148148148148148
ko,https://en.wikibooks.org/wiki/Wikijunior:Bugs/Insects_Intro::1,0.33,0.25,3,12,0.3050847457627119
ko,"https://en.wikinews.org/wiki/Sam_Simon,_%27The_Simpsons%27_co-creator,_dies_aged_59::2",0.33,0.2222222222222222,4,18,0.30935251798561153
ko,https://en.wikibooks.org/wiki/Wikijunior:Solar_System/Jupiter/Io::1,0.33,0.5555555555555556,5,9,0.35353535353535354
ko,https://en.wikinews.org/wiki/Akayev_flees_Kyrgyzstan_as_protesters_seize_control_of_Bishkek::2,0.33,0.3,3,10,0.30357142857142855
ko,https://en.wikivoyage.org/wiki/Talk::1,0.33,0.2222222222222222,2,9,0.3402061855670103
ko,https://en.wikivoyage.org/wiki/Mallorca::1,0.33,0.3,3,10,0.2803738317757009
ko,"https://en.wikinews.org/wiki/Large_earthquake_off_Japan,_tsunami_warning_issued::1",0.33,0.4,4,10,0.35507246376811596
ko,https://en.wikinews.org/wiki/Electronic_voting_disputed_in_France::2,0.33,0.375,3,8,0.35436893203883496
ko,https://en.wikibooks.org/wiki/Modern_Photography/Lenses::1,0.33,0.1875,3,16,0.34911242603550297
ko,https://en.wikibooks.org/wiki/Wikijunior:World_Heritage_Sites/Pyramids_of_Giza::1,0.33,0.21428571428571427,3,14,0.29069767441860467
ko,https://en.wikinews.org/wiki/Microsoft_and_Yahoo_team_up_to_make_IM_clients_compatible::2,0.33,0.3333333333333333,3,9,0.3333333333333333
ko,https://en.wikivoyage.org/wiki/Falkland_Islands::2,0.33,0.2857142857142857,4,14,0.30978260869565216
ko,https://en.wikivoyage.org/wiki/Funeral_travel::2,0.33,0.2857142857142857,2,7,0.30275229357798167
ko,https://en.wikinews.org/wiki/Hurricane_Fred_churns_the_Atlantic::2,0.33,0.2222222222222222,2,9,0.36363636363636365
ko,https://en.wikivoyage.org/wiki/Southern_Africa::1,0.33,0.4,4,10,0.31176470588235294
ko,"https://en.wikinews.org/wiki/Karzai_declared_winner_of_Afghan_elections,_runoff_polls_cancelled::1",0.33,0.16666666666666666,2,12,0.35714285714285715
ko,https://en.wikivoyage.org/wiki/GPS_navigation::2,0.33,0.25,4,16,0.3364485981308411
ko,https://en.wikibooks.org/wiki/Coaching_Youth_Middle_Distance_Runners/Nutrition::2,0.33,0.25,2,8,0.3263157894736842
ko,https://en.wikibooks.org/wiki/Ancient_China/Government::1,0.33,0.2,2,10,0.325
ko,https://en.wikinews.org/wiki/Australian_treasurer_enters_nuclear_debate::2,0.33,0.0,0,4,0.3140495867768595
ko,https://en.wikinews.org/wiki/Sealing_ships_trapped_in_ice_off_coast_of_Newfoundland::2,0.33,0.42857142857142855,3,7,0.32051282051282054
ko,https://en.wikivoyage.org/wiki/Casablanca::1,0.33,0.25,2,8,0.30638297872340425
ko,https://en.wikinews.org/wiki/Spanish_football:_Sevilla_signs_Aleix_Vidal_from_FC_Barcelona::2,0.33,0.2,1,5,0.2708333333333333
ko,https://en.wikinews.org/wiki/IEEE_approves_802.11n_standard_after_six_years::2,0.33,0.2857142857142857,4,14,0.33653846153846156
ko,https://en.wikivoyage.org/wiki/Meteora::1,0.33,0.13333333333333333,2,15,0.37267080745341613
ko,https://en.wikinews.org/wiki/Renault_F1_launch_criminal_complaint_against_former_driver_over_race-fixing_allegation::2,0.33,0.16666666666666666,1,6,0.3114754098360656
ko,https://en.wikinews.org/wiki/Space_station_crew_perform_successful_spacewalk::2,0.33,0.0,0,4,0.3157894736842105
ko,https://en.wikibooks.org/wiki/Cognitive_Psychology_and_Cognitive_Neuroscience/Problem_Solving_from_an_Evolutionary_Perspective::2,0.33,0.6,6,10,0.3522012578616352
ko,https://en.wikibooks.org/wiki/Wikijunior:The_Elements/Hydrogen::2,0.33,0.18181818181818182,2,11,0.37362637362637363
ko,https://en.wikinews.org/wiki/2010_FIBA_World_Championship_starts::2,0.33,0.75,3,4,0.30857142857142855
ko,https://en.wikibooks.org/wiki/Wikijunior:Big_Cats/Ocelot::2,0.33,0.36363636363636365,4,11,0.32679738562091504
ko,https://en.wikinews.org/wiki/South_Africa_end_All_Blacks%27_15-game_winning_streak::1,0.33,0.0,0,9,0.3023255813953488
ko,https://en.wikivoyage.org/wiki/Hiking_destinations_in_Norway::1,0.33,0.25,3,12,0.3130434782608696
ko,https://en.wikinews.org/wiki/Another_arrest_in_Minnesota_school_shooting::2,0.33,0.375,3,8,0.3425414364640884
ko,https://en.wikivoyage.org/wiki/Cold_weather::1,0.33,0.25,3,12,0.33653846153846156
ko,https://en.wikivoyage.org/wiki/Corcovado_National_Park::2,0.33,0.29411764705882354,5,17,0.31004366812227074
ko,https://en.wikibooks.org/wiki/Wikijunior:Ancient_Civilizations/What_is_a_Civilization%3F::2,0.33,0.3333333333333333,2,6,0.329608938547486
ko,https://en.wikibooks.org/wiki/Exercise_as_it_relates_to_Disease/Can_Exercise_Really_Help_Multiple_Sclerosis%3F::1,0.33,0.21052631578947367,4,19,0.2920353982300885
ko,https://en.wikivoyage.org/wiki/Winter_driving::1,0.33,0.2857142857142857,2,7,0.31976744186046513
ko,https://en.wikibooks.org/wiki/Goats/Introduction::1,0.33,0.2857142857142857,2,7,0.33070866141732286
ko,https://en.wikinews.org/wiki/Australian_Big_Brother_cleared_of_breaching_content_laws::1,0.33,0.6,3,5,0.3246753246753247
ko,https://en.wikibooks.org/wiki/Coaching_Youth_Middle_Distance_Runners/Introduction::2,0.33,0.35714285714285715,5,14,0.3277310924369748
ko,https://en.wikivoyage.org/wiki/Past_events/Wikimania_2018_Cape_Town_Guidebook::2,0.33,0.2857142857142857,2,7,0.3197278911564626
ko,https://en.wikivoyage.org/wiki/Hiking::1,0.33,0.18181818181818182,2,11,0.30985915492957744
ko,https://en.wikinews.org/wiki/Fossilized_remains_of_small_dinosaur_rediscovered_in_Canada::1,0.33,0.2,1,5,0.36
ko,https://en.wikivoyage.org/wiki/Plitvice_Lakes_National_Park::2,0.33,0.5,1,2,0.3253012048192771
ko,https://en.wikinews.org/wiki/US_helicopter_with_17_on_board_believed_to_have_been_shot_down_in_Afghanistan::2,0.33,0.4,2,5,0.29473684210526313
ko,https://en.wikibooks.org/wiki/European_History/Challenges_to_Spiritual_Authority::1,0.33,0.3,3,10,0.32947976878612717
ko,"https://en.wikinews.org/wiki/Gas_explosion_reported_in_Hammersmith,_London::1",0.33,0.5,2,4,0.3305785123966942
ko,https://en.wikivoyage.org/wiki/First_and_business_class_flights::1,0.33,0.1,1,10,0.32642487046632124
ko,https://en.wikinews.org/wiki/West_Indies_wins_the_third_match_of_the_cricket_series_against_India::2,0.33,0.16666666666666666,1,6,0.31756756756756754
ko,https://en.wikibooks.org/wiki/The_Cold_War/Hungarian_Revolution::1,0.33,0.2916666666666667,7,24,0.35384615384615387
ko,https://en.wikinews.org/wiki/Susan_G._Komen_Foundation_stops_funding_to_Planned_Parenthood::2,0.33,0.6,3,5,0.3216374269005848
ko,https://en.wikivoyage.org/wiki/Visa::1,0.33,0.4,4,10,0.3135593220338983
ko,https://en.wikinews.org/wiki/Iraq_Study_Group_Report:_Iraq_could_be_on_a_slide_towards_chaos::1,0.33,0.2222222222222222,4,18,0.3027027027027027
ko,https://en.wikivoyage.org/wiki/Travel_advisories::2,0.33,0.18518518518518517,5,27,0.33774834437086093
ko,https://en.wikinews.org/wiki/Former_U.S._National_Security_Advisor_Zbigniew_Brzezinski_dies_aged_89::1,0.33,0.25,5,20,0.34065934065934067
ko,https://en.wikibooks.org/wiki/Wikijunior:Solar_System/The_Sun::2,0.33,0.3333333333333333,4,12,0.27835051546391754
ko,https://en.wikivoyage.org/wiki/Baltic_Sea_ferries::1,0.33,0.0,0,5,0.3253012048192771
ko,https://en.wikivoyage.org/wiki/Air_courier::1,0.33,0.4,4,10,0.3006134969325153
ko,https://en.wikibooks.org/wiki/Sikhism::2,0.33,0.25,3,12,0.34328358208955223
ko,https://en.wikibooks.org/wiki/Wikijunior:Solar_System/Moon::1,0.33,0.25,5,20,0.3203125
ko,https://en.wikinews.org/wiki/U.S._President_arrives_in_Singapore::1,0.5,0.4,2,5,0.47540983606557374
ko,https://en.wikibooks.org/wiki/Lucid_Dreaming/Introduction::2,0.5,0.47058823529411764,8,17,0.5273972602739726
ko,https://en.wikinews.org/wiki/Canadian_professional_wrestler_Luna_Vachon_dies_aged_48::1,0.5,0.7142857142857143,5,7,0.49206349206349204
ko,https://en.wikinews.org/wiki/La_La_Land_receives_record-equalling_fourteen_Oscar_nominations;_Hacksaw_Ridge_gets_six::1,0.5,0.14285714285714285,1,7,0.46236559139784944
ko,https://en.wikinews.org/wiki/Huge_Gay_Pride_parade_held_in_Brazil::1,0.5,0.6363636363636364,7,11,0.5146198830409356
ko,https://en.wikibooks.org/wiki/Wikijunior:Ancient_Civilizations/Egyptians::2,0.5,0.5,10,20,0.519774011299435
ko,https://en.wikivoyage.org/wiki/Travel_in_developing_countries::2,0.5,0.6666666666666666,10,15,0.5222222222222223
ko,https://en.wikivoyage.org/wiki/Water::1,0.5,0.5454545454545454,6,11,0.5
ko,https://en.wikinews.org/wiki/Golf_and_rugby_set_to_return_to_the_Olympic_Games::2,0.5,0.38461538461538464,5,13,0.48863636363636365
ko,https://en.wikibooks.org/wiki/Coaching_Youth_Middle_Distance_Runners/Training::1,0.5,0.3076923076923077,4,13,0.47560975609756095
ko,https://en.wikibooks.org/wiki/Wikijunior:Ancient_Civilizations/Hebrews::1,0.5,0.3333333333333333,2,6,0.4845360824742268
ko,https://en.wikinews.org/wiki/Saturn%27s_moon_Titan_hosts_liquid_lakes_and_rivers::2,0.5,0.0,0,2,0.4727272727272727
ko,https://en.wikinews.org/wiki/Toronto_team-led_research_on_Type_1_Diabetes_%27groundbreaking%27::1,0.5,0.5714285714285714,4,7,0.5223880597014925
ko,https://en.wikibooks.org/wiki/Animal_Behavior/Population_Genetics::2,0.5,0.7777777777777778,7,9,0.5232558139534884
ko,https://en.wikinews.org/wiki/Edmonton_prison_conflict_wounds_eight::2,0.5,0.6153846153846154,8,13,0.4695121951219512
ko,https://en.wikinews.org/wiki/Burning_debris_from_satellites_spotted_over_several_US_cities::1,0.5,0.16666666666666666,2,12,0.47107438016528924
ko,https://en.wikibooks.org/wiki/The_Seven_Wonders_of_the_World/The_Temple_of_Artemis::2,0.5,0.4,4,10,0.5051020408163265
ko,https://en.wikibooks.org/wiki/American_Revolution/The_Declaration_of_Independence::1,0.5,0.7,7,10,0.5181818181818182
ko,https://en.wikinews.org/wiki/Italy_arrests_reputed_Mafia_boss_Lo_Piccolo::2,0.5,0.7142857142857143,10,14,0.5207373271889401
ko,https://en.wikivoyage.org/wiki/Hostels::1,0.5,0.6666666666666666,4,6,0.4931506849315068
ko,https://en.wikinews.org/wiki/8.0_magnitude_earthquake_occurs_near_Tonga::2,0.5,0.35714285714285715,5,14,0.5071428571428571
ko,https://en.wikinews.org/wiki/UK_threat_level_reduced_to_%27severe%27::1,0.5,0.6,3,5,0.5483870967741935
ko,"https://en.wikinews.org/wiki/Crossing_guard_killed_by_truck_in_Glasgow,_Scotland::1",0.5,0.5714285714285714,4,7,0.55
ko,https://en.wikibooks.org/wiki/Wikijunior:Solar_System/Space_exploration::1,0.5,0.7272727272727273,8,11,0.5302013422818792
ko,https://en.wikinews.org/wiki/24_people_rescued_from_roller_coaster_at_California%27s_Great_America_theme_park::1,0.5,0.47619047619047616,10,21,0.5045871559633027
ko,https://en.wikivoyage.org/wiki/Internet_telephony::2,0.5,0.5555555555555556,5,9,0.46621621621621623
ko,https://en.wikibooks.org/wiki/Wikijunior:Big_Cats/Tiger::1,0.5,0.2,1,5,0.4552238805970149
ko,https://en.wikinews.org/wiki/Young_motorcycle_racer_Peter_Lenz_dies_in_race_crash_aged_13::1,0.5,0.16666666666666666,1,6,0.4727272727272727
ko,https://en.wikivoyage.org/wiki/Boating_on_the_Baltic_Sea::2,0.5,0.6666666666666666,10,15,0.484375
ko,https://en.wikibooks.org/wiki/Basic_Physics_of_Digital_Radiography/The_Computer::2,0.5,0.5,4,8,0.4861111111111111
ko,https://en.wikibooks.org/wiki/Wikijunior:Dinosaurs/Extinction::2,0.5,0.38461538461538464,5,13,0.5416666666666666
ko,https://en.wikibooks.org/wiki/Wikijunior:United_States_Charters_of_Freedom/Declaration_of_Independence::1,0.5,0.3333333333333333,3,9,0.5024630541871922
ko,https://en.wikibooks.org/wiki/Wikijunior:World_War_II/Battle_of_Britain::1,0.5,0.5333333333333333,8,15,0.5245901639344263
ko,https://en.wikibooks.org/wiki/Golf::1,0.5,0.5833333333333334,7,12,0.5
ko,https://en.wikibooks.org/wiki/Wikijunior:How_Things_Work/Computer::1,0.5,0.45454545454545453,5,11,0.5232558139534884
ko,"https://en.wikinews.org/wiki/Red_tide_affects_South_Padre_Island,_Mexico::1",0.5,0.75,3,4,0.5333333333333333
ko,https://en.wikinews.org/wiki/Cosmonaut_Alexei_Leonov_dies_at_age_85::2,0.5,0.6,3,5,0.49673202614379086
ko,"https://en.wikinews.org/wiki/No_bomb_threat,_hijacking_of_plane_in_China%27s_Xinjiang_region_according_to_Afghan_officials::2",0.5,0.5714285714285714,4,7,0.5098039215686274
ko,https://en.wikivoyage.org/wiki/Galapagos_Islands::1,0.5,0.32142857142857145,9,28,0.5408805031446541
ko,https://en.wikivoyage.org/wiki/Travelling_around_the_Schengen_Area::1,0.5,0.5,7,14,0.47096774193548385
ko,https://en.wikinews.org/wiki/Trade_hall_roof_collapses_in_Poland::1,0.5,0.6666666666666666,2,3,0.5145631067961165
ko,https://en.wikinews.org/wiki/Teen_post_officer_hides_400_New_Year_cards_in_Japanese_snow::1,0.5,0.4666666666666667,7,15,0.56
ko,"https://en.wikinews.org/wiki/Phone_threat_closes_tunnels,_snarls_traffic_in_Baltimore,_Maryland::2",0.5,0.4,2,5,0.5
ko,https://en.wikivoyage.org/wiki/Staycation::1,0.5,0.39285714285714285,11,28,0.5273972602739726
ko,https://en.wikivoyage.org/wiki/Yellowstone_National_Park::2,0.5,0.6,9,15,0.4931506849315068
ko,https://en.wikinews.org/wiki/Bali_climate_change_conference_begins::2,0.5,0.4,2,5,0.5135135135135135
ko,https://en.wikibooks.org/wiki/History_of_Islam/Early_Islam::1,0.5,0.5217391304347826,12,23,0.5147058823529411
ko,https://en.wikinews.org/wiki/Brazilian_footballer_Gabriel_Jesus_signs_contract_extension_with_Manchester_City::2,0.5,0.7777777777777778,7,9,0.5176470588235295
ko,https://en.wikivoyage.org/wiki/Advice_for_nervous_flyers::1,0.5,0.4482758620689655,13,29,0.4934210526315789
ko,https://en.wikinews.org/wiki/A_5.6_Richter_quake_hits_Western_Montana::1,0.5,0.5,3,6,0.46875
ko,https://en.wikivoyage.org/wiki/Wildlife_photography::1,0.5,0.6,6,10,0.5191256830601093
ko,https://en.wikibooks.org/wiki/Social_and_Cultural_Foundations_of_American_Education/Technology/Role::1,0.5,0.4090909090909091,18,44,0.5028248587570622
ko,https://en.wikibooks.org/wiki/Exercise_as_it_relates_to_Disease/Physical_activity_effect_on_mental_health_in_people_with_chronic_lower_back_pain::1,0.5,0.4,6,15,0.4782608695652174
ko,https://en.wikivoyage.org/wiki/Bread_and_confectionery::2,0.5,0.5,3,6,0.5274725274725275
ko,https://en.wikinews.org/wiki/Nathalie_Carpanedo_finishes_wild_card_run_at_2013_IPC_Alpine_World_Championships::1,0.5,0.2222222222222222,2,9,0.4909090909090909
ko,https://en.wikivoyage.org/wiki/Charlotte_with_children::1,0.5,0.5714285714285714,4,7,0.46875
ko,https://en.wikibooks.org/wiki/Wikijunior:South_America/The_Amazon::1,0.5,0.7777777777777778,7,9,0.48322147651006714
ko,https://en.wikibooks.org/wiki/European_History/World_War_I::2,0.5,0.6,9,15,0.5167785234899329
ko,https://en.wikivoyage.org/wiki/Round_the_world_flights::2,0.5,0.0,0,5,0.5028901734104047
ko,https://en.wikibooks.org/wiki/Introduction_to_Sociology/Society::2,0.5,0.5,2,4,0.5188679245283019
ko,https://en.wikinews.org/wiki/New_Australian_Prime_Minister_signs_Kyoto::2,0.5,0.3,3,10,0.4803921568627451
ko,https://en.wikivoyage.org/wiki/Mobile_phones::1,0.5,0.5625,9,16,0.4918032786885246
ko,https://en.wikinews.org/wiki/Canadian_Prime_Minister_Harper_agrees_to_send_%27Clean_Air_Act%27_to_committee::2,0.5,0.4375,7,16,0.5274261603375527
ko,https://en.wikibooks.org/wiki/Wikijunior:Biology/Origin_of_Life::1,0.5,0.46153846153846156,6,13,0.48484848484848486
ko,https://en.wikivoyage.org/wiki/Cross_country_skiing::1,0.5,0.5454545454545454,6,11,0.51875
ko,https://en.wikibooks.org/wiki/Animal_Behavior/Biological_Rhythms::1,0.5,0.47058823529411764,8,17,0.5528455284552846
ko,https://en.wikivoyage.org/wiki/Sundarbans_National_Park::1,0.5,0.2222222222222222,2,9,0.5296610169491526
ko,https://en.wikivoyage.org/wiki/Noum%C3%A9a::1,0.5,0.8,4,5,0.48058252427184467
ko,https://en.wikibooks.org/wiki/Wikijunior:Languages/Hindi::2,0.5,0.0,0,2,0.5205479452054794
ko,https://en.wikivoyage.org/wiki/Culture_shock::1,0.5,0.4,4,10,0.5112359550561798
ko,https://en.wikinews.org/wiki/The_Onion:_An_interview_with_%27America%27s_Finest_News_Source%27::1,0.5,0.5625,9,16,0.5099601593625498
ko,https://en.wikinews.org/wiki/Anti-ACTA_activists_protest_across_Europe::2,0.5,0.5,4,8,0.49557522123893805
ko,https://en.wikinews.org/wiki/Senate_questions_Roberts_in_confirmation_hearings::1,0.5,0.36363636363636365,8,22,0.5037593984962406
ko,https://en.wikibooks.org/wiki/Introduction_to_Sociology/Race_and_Ethnicity::2,0.5,0.42857142857142855,3,7,0.5116279069767442
ko,https://en.wikivoyage.org/wiki/Bed_and_breakfasts::1,0.5,0.2727272727272727,3,11,0.5205479452054794
ko,https://en.wikinews.org/wiki/UK_government_outlines_plans_for_rail_transport::1,0.5,0.5,4,8,0.49206349206349204
ko,https://en.wikinews.org/wiki/Russian_military_cargo_jet_crash_kills_eleven_in_Siberia::1,0.5,0.5333333333333333,8,15,0.5
ko,https://en.wikibooks.org/wiki/Wikijunior:Asia/Bhutan::1,0.5,0.35714285714285715,5,14,0.5
ko,https://en.wikinews.org/wiki/FAA:_Metroplex_NextGen_project_in_place_in_north_Texas::2,0.5,0.5384615384615384,7,13,0.5242718446601942
ko,https://en.wikivoyage.org/wiki/Antarctica::1,0.5,0.5,2,4,0.5128205128205128
ko,https://en.wikibooks.org/wiki/How_to_Play_Violin/Bowing::1,0.5,0.42857142857142855,6,14,0.525
ko,https://en.wikinews.org/wiki/Naked_News_to_create_international_language_editions::1,0.5,0.42857142857142855,3,7,0.43010752688172044
ko,https://en.wikibooks.org/wiki/Pakistani_History/Prehistory/Bronze_Age/Indus_Valley_Civilization::2,0.5,0.64,16,25,0.5117647058823529
ko,https://en.wikibooks.org/wiki/Sensory_Systems/Visual_System::1,0.5,0.3076923076923077,4,13,0.4766355140186916
ko,https://en.wikinews.org/wiki/Nationalised_bank_Northern_Rock_sold_to_Virgin_Money::1,0.5,0.8,4,5,0.5055555555555555
ko,https://en.wikinews.org/wiki/Typhoon_prompts_massive_evacuations_in_China::1,0.5,0.5,2,4,0.47058823529411764
ko,https://en.wikibooks.org/wiki/Wikijunior:Languages/Sanskrit::2,0.5,0.5714285714285714,4,7,0.5029940119760479
ko,https://en.wikibooks.org/wiki/Wikijunior:Europe/Luxembourg::2,0.5,0.4166666666666667,5,12,0.5104895104895105
ko,https://en.wikibooks.org/wiki/Wikijunior:Ancient_Civilizations/Romans::1,0.5,0.5,6,12,0.5240641711229946
ko,https://en.wikinews.org/wiki/Explorers_find_shipwreck_thought_to_be_massive_WWII_battleship_Musashi::1,0.5,0.625,5,8,0.5142857142857142
ko,https://en.wikibooks.org/wiki/The_Organ_Systems/nervous::1,0.5,0.25,1,4,0.47761194029850745
ko,https://en.wikibooks.org/wiki/Introductory_Tourism::2,0.5,0.38461538461538464,5,13,0.46853146853146854
ko,https://en.wikinews.org/wiki/Two-day_bird_flu_conference_draws_$1.9_billion_in_pledges::1,0.5,0.4,4,10,0.5528455284552846
ko,https://en.wikinews.org/wiki/Distributed_computing_to_get_%22interstellar_project%22::1,0.5,0.4,2,5,0.5303030303030303
ko,https://en.wikinews.org/wiki/US_officials_flood_Grand_Canyon_to_restore_ecosystem::1,0.5,0.5,3,6,0.4859154929577465
ko,https://en.wikivoyage.org/wiki/Alcoholic_beverages::2,0.5,0.5,2,4,0.5230769230769231
ko,https://en.wikibooks.org/wiki/History_of_Technology/Cultural_Determinism::1,0.5,0.6666666666666666,2,3,0.41346153846153844
ko,https://en.wikinews.org/wiki/Seven_caves_found_on_Mars:_NASA::2,0.5,0.5,6,12,0.5287958115183246
ko,https://en.wikivoyage.org/wiki/Aggregators::2,0.5,0.5555555555555556,5,9,0.4383561643835616
ko,https://en.wikivoyage.org/wiki/Canyoning::2,0.5,0.5,4,8,0.4942528735632184
ko,https://en.wikinews.org/wiki/Parts_of_New_Orleans_flood_again::1,0.5,0.5,2,4,0.5096153846153846
ko,https://en.wikivoyage.org/wiki/Downhill_snowsports::2,0.5,0.42857142857142855,3,7,0.5279187817258884
ko,https://en.wikivoyage.org/wiki/Travellers%27_diarrhea::2,0.5,0.29411764705882354,5,17,0.5542168674698795
ko,https://en.wikibooks.org/wiki/American_Revolution/The_Battles_of_Trenton_and_Princeton::2,0.5,0.5,2,4,0.5121951219512195
ko,https://en.wikinews.org/wiki/Apple_introduces_iPhone_and_Apple_TV::2,0.5,0.6,3,5,0.5217391304347826
ko,https://en.wikivoyage.org/wiki/Regional_coding::2,0.5,0.875,7,8,0.5315315315315315
ko,https://en.wikibooks.org/wiki/Wikijunior:How_Things_Work/Nuclear_Bomb::1,0.5,0.2857142857142857,2,7,0.5263157894736842
ko,https://en.wikibooks.org/wiki/Applied_Ecology/New_Societies_and_Cultures::1,0.5,0.6,3,5,0.5271317829457365
ko,https://en.wikinews.org/wiki/Scientists_report_two_life-saving_treatments_for_Ebola::2,0.5,0.5882352941176471,10,17,0.5289855072463768
ko,https://en.wikivoyage.org/wiki/Budget_travel::2,0.5,0.7142857142857143,5,7,0.45751633986928103
ko,https://en.wikibooks.org/wiki/Wikijunior:Biology/Kingdoms/Animals::2,0.5,0.2857142857142857,4,14,0.5092592592592593
ko,https://en.wikibooks.org/wiki/Wikijunior:Big_Cats/Lion::2,0.5,0.0,0,6,0.5234899328859061
ko,https://en.wikinews.org/wiki/USA_Gymnastics_board_resigning_after_sex_abuse::2,0.5,0.4444444444444444,8,18,0.4927536231884058
ko,"https://en.wikinews.org/wiki/Beverly_Hall,_indicted_public_school_superintendent,_dies_aged_68::2",0.5,0.5384615384615384,7,13,0.4689265536723164
ko,https://en.wikivoyage.org/wiki/Caucasus::2,0.5,0.5,6,12,0.5076923076923077
ko,https://en.wikivoyage.org/wiki/Gambling::1,0.5,0.75,3,4,0.5403225806451613
ko,https://en.wikivoyage.org/wiki/Maori_culture::2,0.5,0.5555555555555556,5,9,0.5446428571428571
ko,https://en.wikibooks.org/wiki/Philippine_History/The_Philippine-American_War::1,0.5,0.43478260869565216,10,23,0.4957983193277311
ko,https://en.wikinews.org/wiki/Hungary%27s_St_Stephen%27s_Day_hit_by_storm:_3_left_dead::1,0.5,0.5263157894736842,10,19,0.5164835164835165
ko,https://en.wikivoyage.org/wiki/Border_crossing::1,0.5,0.4375,7,16,0.4732142857142857
ko,https://en.wikinews.org/wiki/Scientists_say_new_medical_diagnostic_chip_can_sort_cells_anywhere_with_an_inkjet::1,0.5,0.5384615384615384,7,13,0.549618320610687
ko,https://en.wikinews.org/wiki/German_judge_orders_life_sentence_for_nation%27s_%27first_Islamic-motivated_terror_attack%27::1,0.5,0.6,3,5,0.4632768361581921
ko,https://en.wikinews.org/wiki/Japanese_Olympic_judoka_Hitoshi_Saito_dies_aged_54::1,0.5,0.5555555555555556,5,9,0.42574257425742573
ko,https://en.wikinews.org/wiki/North_Korea_agrees_to_disable_its_main_nuclear_reactor::1,0.5,0.35714285714285715,5,14,0.5087719298245614
ko,https://en.wikivoyage.org/wiki/Vancouver::1,0.5,0.5,3,6,0.5263157894736842
ko,https://en.wikivoyage.org/wiki/Astronomy::2,0.5,0.6923076923076923,9,13,0.49056603773584906
ko,https://en.wikivoyage.org/wiki/San_Francisco::2,0.5,0.46153846153846156,6,13,0.43558282208588955
ko,https://en.wikibooks.org/wiki/All_About_Converting_From_Several_Video_Formats_To_DVD::2,0.5,0.5,5,10,0.5303030303030303
ko,https://en.wikibooks.org/wiki/Wikijunior:World_War_II/Submarines::1,0.5,0.45454545454545453,5,11,0.5054347826086957
ko,https://en.wikinews.org/wiki/Fighter_jet_crashes_during_Children%27s_Day_airshow_in_Thailand::2,0.5,0.6,3,5,0.4423076923076923
ko,https://en.wikinews.org/wiki/Michael_Schumacher_calls_off_Formula_1_comeback_due_to_injury::2,0.5,0.36363636363636365,4,11,0.5242718446601942
ko,https://en.wikibooks.org/wiki/Environmental_theory_and_collection_of_ideas/Environmentalism_and_survival::1,0.5,0.45454545454545453,5,11,0.5149253731343284
ko,https://en.wikivoyage.org/wiki/Walt_Disney_World::2,0.5,0.5454545454545454,6,11,0.5201793721973094
ko,https://en.wikivoyage.org/wiki/Kruger_National_Park::2,0.5,0.5,3,6,0.5363636363636364
ko,https://en.wikinews.org/wiki/Khyber_Pakhtunkhwa_Provincial_Assembly_votes_to_merge_with_Pakistani_Federally_Administered_Tribal_Areas::1,0.5,0.6428571428571429,9,14,0.5106382978723404
ko,https://en.wikibooks.org/wiki/Wikijunior:Ancient_Civilizations/Greeks::1,0.5,1.0,1,1,0.49693251533742333
ko,https://en.wikivoyage.org/wiki/Victoria_Falls::1,0.5,0.3333333333333333,4,12,0.478494623655914
ko,https://en.wikibooks.org/wiki/Wikijunior:How_Things_Work/Time::2,0.5,0.2857142857142857,2,7,0.4855072463768116
ko,https://en.wikivoyage.org/wiki/West_Africa::2,0.5,0.5555555555555556,5,9,0.5133333333333333
ko,https://en.wikivoyage.org/wiki/Birdwatching::2,0.5,0.3333333333333333,2,6,0.5108695652173914
ko,https://en.wikibooks.org/wiki/Wikijunior:How_Things_Work/Light_Bulb::2,0.5,0.391304347826087,9,23,0.5671641791044776
ko,https://en.wikivoyage.org/wiki/French_phrasebook::1,0.5,0.8,4,5,0.5359477124183006
ko,"https://en.wikinews.org/wiki/Car_crashes_into_house_in_Suffolk,_UK,_seriously_injuring_man::1",0.5,0.3157894736842105,6,19,0.496551724137931
ko,https://en.wikibooks.org/wiki/Cognitive_Psychology_and_Cognitive_Neuroscience/Evolutionary_Perspective_on_Social_Cognitions::2,0.5,0.3333333333333333,4,12,0.49411764705882355
ko,https://en.wikivoyage.org/wiki/Music_festival_circuit::1,0.5,0.375,3,8,0.5303030303030303
ko,https://en.wikinews.org/wiki/Rare_Middle_East_cyclone_batters_Oman::2,0.5,0.3333333333333333,1,3,0.4875
ko,https://en.wikibooks.org/wiki/First_Aid/Poisoning::1,0.5,0.47619047619047616,10,21,0.5142857142857142
ko,https://en.wikibooks.org/wiki/Social_and_Cultural_Foundations_of_American_Education/Technology/Social_Media::2,0.5,0.6363636363636364,7,11,0.5138888888888888
ko,https://en.wikibooks.org/wiki/Wikijunior:How_Things_Work/Flush_Toilet::1,0.5,0.2857142857142857,4,14,0.4782608695652174
ko,https://en.wikinews.org/wiki/India_struggles_with_encephalitis_outbreak::2,0.5,0.75,3,4,0.5443786982248521
ko,https://en.wikinews.org/wiki/Sandra_Fluke_insists_she_will_not_be_silenced::1,0.5,0.5714285714285714,4,7,0.4891304347826087
ko,https://en.wikivoyage.org/wiki/Horse_riding::2,0.5,0.5555555555555556,5,9,0.47953216374269003
ko,https://en.wikibooks.org/wiki/High_School_Earth_Science/Telescopes::1,0.5,0.5714285714285714,4,7,0.4827586206896552
ko,"https://en.wikinews.org/wiki/Strong_6.3_earthquake_reported_in_Sumatra,_Indonesia::1",0.5,0.6363636363636364,7,11,0.5340909090909091
ko,https://en.wikibooks.org/wiki/Fencing::1,0.5,0.7777777777777778,7,9,0.4915254237288136
ko,https://en.wikinews.org/wiki/Seven_killed_in_Chinese_bombing::1,0.5,0.6,6,10,0.524390243902439
ko,https://en.wikivoyage.org/wiki/Chile::2,0.5,0.5,4,8,0.49142857142857144
ko,https://en.wikivoyage.org/wiki/Thimphu::2,0.5,0.6666666666666666,8,12,0.5266666666666666
ko,https://en.wikinews.org/wiki/New_fossils_from_10_million_year_old_ape_found_in_Ethiopia::2,0.5,0.2222222222222222,2,9,0.5517241379310345
ko,https://en.wikinews.org/wiki/Cholera_outbreak_hits_Angola::1,0.5,0.2,2,10,0.49504950495049505
ko,https://en.wikinews.org/wiki/Funeral_of_Pope_John_Paul_II_takes_place::2,0.5,0.8,4,5,0.5476190476190477
ko,https://en.wikivoyage.org/wiki/Rock_climbing::1,0.5,0.3333333333333333,2,6,0.46153846153846156
ko,https://en.wikinews.org/wiki/Nadal_beats_Raonic_to_reach_Australian_Open_semis::2,0.5,0.6,3,5,0.4098360655737705
ko,https://en.wikivoyage.org/wiki/Flying_to_Africa::1,0.5,0.35294117647058826,6,17,0.4941860465116279
ko,https://en.wikivoyage.org/wiki/Hospitality_exchange::2,0.5,0.5714285714285714,4,7,0.4918032786885246
ko,https://en.wikinews.org/wiki/Bomb_blasts_kill_several_in_Iran::1,0.5,0.6,9,15,0.4835164835164835
ko,https://en.wikibooks.org/wiki/Wikijunior:World_Heritage_Sites/Serengeti::2,0.5,0.2222222222222222,2,9,0.46715328467153283
ko,https://en.wikibooks.org/wiki/Fundamentals_of_Transportation/Introduction::2,0.5,0.38461538461538464,5,13,0.5423728813559322
ko,https://en.wikibooks.org/wiki/Wikijunior:How_Things_Work/Laser::1,0.5,0.4375,7,16,0.4935064935064935
ko,https://en.wikibooks.org/wiki/Wikijunior:Biology/Cells::1,0.5,0.5714285714285714,4,7,0.448
ko,https://en.wikinews.org/wiki/Photojournalist_photographing_Justin_Bieber%27s_car_run_over_by_another_vehicle::2,0.5,0.25,2,8,0.4926829268292683
ko,"https://en.wikinews.org/wiki/Benin,_Nigeria_join_African_Union_continental_free_trade_bloc::1",0.5,0.375,3,8,0.5206611570247934
ko,https://en.wikinews.org/wiki/Nintendo_unveils_controller_for_Revolution_console::2,0.5,0.6,3,5,0.5196850393700787
ko,https://en.wikibooks.org/wiki/Basic_Physics_of_Digital_Radiography/The_Basics::2,0.5,0.5714285714285714,4,7,0.4961832061068702
ko,https://en.wikinews.org/wiki/Amazon_to_buy_smart_doorbell_startup_Ring::2,0.5,0.3333333333333333,4,12,0.49019607843137253
ko,https://en.wikivoyage.org/wiki/Hong_Kong::1,0.5,0.5,15,30,0.5343915343915344
ko,"https://en.wikinews.org/wiki/Aerosmith_sued_over_late_cancellation_of_gig_in_Maui,_Hawaii::1",0.5,0.35714285714285715,5,14,0.49038461538461536
ko,https://en.wikivoyage.org/wiki/Guanajuato::1,0.5,0.2857142857142857,2,7,0.5287356321839081
ko,https://en.wikivoyage.org/wiki/Streymoy::1,0.5,0.6,6,10,0.5060240963855421
ko,https://en.wikinews.org/wiki/Iranian_passenger_jet%27s_wheel_catches_fire::1,0.5,0.4,8,20,0.5029239766081871
ko,https://en.wikinews.org/wiki/Philae_space_probe_lands_on_comet::1,0.5,0.2857142857142857,2,7,0.5164835164835165
ko,https://en.wikibooks.org/wiki/Introduction_to_Paleoanthropology/Bones::1,0.5,0.5,4,8,0.45925925925925926
ko,"https://en.wikinews.org/wiki/Hong_Kong_tourists_held_hostage_in_the_Philippines,_nine_killed::2",0.5,0.4,4,10,0.4657534246575342
ko,https://en.wikivoyage.org/wiki/Barcelona::1,0.5,0.16666666666666666,1,6,0.5480225988700564
ko,https://en.wikivoyage.org/wiki/Grand_Canyon::2,0.5,0.5,3,6,0.4810126582278481
ko,https://en.wikivoyage.org/wiki/Studying_abroad::1,0.5,0.5,17,34,0.49693251533742333
ko,https://en.wikinews.org/wiki/War_between_top_lawyers_in_Greece::1,0.5,1.0,3,3,0.4788135593220339
ko,https://en.wikibooks.org/wiki/Introduction_to_Sociology/Culture::1,0.5,0.4,6,15,0.4768211920529801
ko,https://en.wikinews.org/wiki/New_South_Wales_government_starts_trial_of_hunting_in_national_parks::1,0.5,0.3,3,10,0.4935897435897436
ko,https://en.wikinews.org/wiki/French_campaigning_film_director_Ren%C3%A9_Vautier_dies::2,0.5,0.5555555555555556,5,9,0.47058823529411764
ko,https://en.wikivoyage.org/wiki/German_phrasebook::2,0.5,0.5833333333333334,7,12,0.5280898876404494
ko,https://en.wikinews.org/wiki/EBay_to_acquire_Skype::1,0.5,1.0,1,1,0.4528301886792453
ko,https://en.wikinews.org/wiki/Spanish_football_captain_dies_at_26::2,0.5,0.6,3,5,0.52
ko,https://en.wikibooks.org/wiki/Warfare::2,0.5,0.53125,17,32,0.48677248677248675
ko,https://en.wikinews.org/wiki/Building_collapses_in_Mecca_at_eve_of_Hajj_pillgrimage::1,0.5,0.3333333333333333,2,6,0.45918367346938777
ko,https://en.wikinews.org/wiki/Haitian_cholera_victims_threaten_United_Nations_with_lawsuit::2,0.5,0.75,3,4,0.5270935960591133
ko,https://en.wikinews.org/wiki/Icelandic_Hekla_volcano_shows_signs_of_activity::1,0.5,0.45,9,20,0.5503355704697986
ko,"https://en.wikinews.org/wiki/Sun%27s_mood_swings_not_so_strange_after_all,_say_scientists::2",0.5,0.5,4,8,0.4827586206896552
ko,https://en.wikivoyage.org/wiki/Travel_agencies::1,0.5,0.4375,7,16,0.46923076923076923
ko,https://en.wikibooks.org/wiki/Introduction_to_Paleoanthropology/Genetics/Introduction::1,0.5,0.8,4,5,0.49382716049382713
ko,https://en.wikinews.org/wiki/Texas_governor_and_health_officials_address_public_regarding_Ebola_case::2,0.5,0.6666666666666666,2,3,0.4873417721518987
ko,https://en.wikibooks.org/wiki/Castles_of_England/The_Development_of_the_Castle::1,0.5,0.6666666666666666,6,9,0.5061728395061729
ko,https://en.wikivoyage.org/wiki/Moldova::1,0.5,0.4375,7,16,0.4720496894409938
ko,https://en.wikinews.org/wiki/Apple_Japan_to_replace_overheating_iPod_Nanos::2,0.5,0.5,3,6,0.5
ko,https://en.wikivoyage.org/wiki/Sleep::1,0.5,0.46153846153846156,6,13,0.47904191616766467
ko,https://en.wikibooks.org/wiki/Wikijunior:Ancient_Civilizations/Assyrians::1,0.5,0.25,1,4,0.48175182481751827
ko,https://en.wikivoyage.org/wiki/Tornado_safety::2,0.5,0.4,4,10,0.5
ko,https://en.wikivoyage.org/wiki/Travel_photography/Film::1,0.5,0.5,3,6,0.5704225352112676
ko,https://en.wikibooks.org/wiki/French_Revolution/Effects::1,0.5,0.5333333333333333,16,30,0.5212121212121212
ko,https://en.wikivoyage.org/wiki/War_zone_safety::2,0.5,0.5384615384615384,7,13,0.4868421052631579
ko,https://en.wikibooks.org/wiki/Wikijunior:Europe/Turkey::1,0.5,0.5714285714285714,4,7,0.5211864406779662
ko,https://en.wikibooks.org/wiki/Cognitive_Psychology_and_Cognitive_Neuroscience/Behavioural_and_Neuroscience_Methods::1,0.5,0.3333333333333333,2,6,0.4717948717948718
ko,https://en.wikinews.org/wiki/Tennis:_Andy_Murray_wins_Montreal_Masters_2009::1,0.5,0.375,6,16,0.4838709677419355
ko,https://en.wikivoyage.org/wiki/Japan%27s_Top_100_Cherry_Blossom_Spots::1,0.5,0.2,1,5,0.4367816091954023
ko,https://en.wikibooks.org/wiki/Blended_Learning_in_K-12/Blended_Learning_in_Grades_9-12::2,0.5,0.42857142857142855,6,14,0.5490196078431373
ko,https://en.wikinews.org/wiki/Judge_orders_Baltimore_City_prison_to_produce_plan_for_improvement::1,0.5,0.25,1,4,0.5033557046979866
ko,https://en.wikinews.org/wiki/US_Navy_ship_damages_Tubbataha_Reef_National_Park::1,0.5,0.8,4,5,0.5217391304347826
ko,https://en.wikinews.org/wiki/Women%E2%80%99s_boxing_to_be_included_in_the_2012_Olympics_for_the_first_time::2,0.5,0.6666666666666666,6,9,0.5408163265306123
ko,https://en.wikivoyage.org/wiki/New_Mexico_Pueblos::2,0.5,0.3888888888888889,7,18,0.5089820359281437
ko,https://en.wikinews.org/wiki/Leak_suggests_John_Kerry_will_recognise_Israel_as_Jewish_state::2,0.5,0.4444444444444444,8,18,0.53125
ko,https://en.wikibooks.org/wiki/High_School_Earth_Science/Storms::2,0.5,0.5,2,4,0.5076923076923077
ko,https://en.wikinews.org/wiki/China_promises_cut_in_carbon_dioxide_emissions::2,0.5,1.0,3,3,0.5064102564102564
ko,https://en.wikibooks.org/wiki/Yoga/Yoga_Tales::1,0.5,0.6363636363636364,7,11,0.4860335195530726
ko,https://en.wikinews.org/wiki/President_of_Costa_Rica_contracts_H1N1_swine_flu::1,0.5,0.25,4,16,0.5354330708661418
ko,https://en.wikibooks.org/wiki/Wikijunior:Dinosaurs/Triceratops::1,0.5,0.6363636363636364,7,11,0.5458937198067633
ko,https://en.wikinews.org/wiki/Doctor_to_be_charged_after_mother%27s_death_in_Ohio::2,0.5,0.38461538461538464,5,13,0.5188284518828452
ko,https://en.wikivoyage.org/wiki/Cascais::1,0.5,0.625,5,8,0.5272727272727272
ko,https://en.wikivoyage.org/wiki/Salar_de_Uyuni::2,0.5,0.7333333333333333,11,15,0.5338983050847458
ko,https://en.wikinews.org/wiki/France_issues_pollution_alert_as_ship_splits_off_Basque_coast::1,0.5,0.3333333333333333,3,9,0.5413533834586466
ko,https://en.wikibooks.org/wiki/History_of_Technology/Technological_Determinism::1,0.5,0.2,2,10,0.48945147679324896
ko,https://en.wikibooks.org/wiki/Remembering_the_Templars::2,0.5,0.35714285714285715,5,14,0.5370370370370371
ko,https://en.wikibooks.org/wiki/Wikijunior:Bugs/Insects_Intro::1,0.5,0.4166666666666667,5,12,0.4830508474576271
ko,"https://en.wikinews.org/wiki/Sam_Simon,_%27The_Simpsons%27_co-creator,_dies_aged_59::2",0.5,0.3888888888888889,7,18,0.5179856115107914
ko,https://en.wikibooks.org/wiki/Wikijunior:Solar_System/Jupiter/Io::1,0.5,0.5555555555555556,5,9,0.494949494949495
ko,https://en.wikinews.org/wiki/Akayev_flees_Kyrgyzstan_as_protesters_seize_control_of_Bishkek::2,0.5,0.6,6,10,0.48214285714285715
ko,https://en.wikivoyage.org/wiki/Talk::1,0.5,0.3333333333333333,3,9,0.5103092783505154
ko,https://en.wikivoyage.org/wiki/Mallorca::1,0.5,0.4,4,10,0.514018691588785
ko,"https://en.wikinews.org/wiki/Large_earthquake_off_Japan,_tsunami_warning_issued::1",0.5,0.6,6,10,0.5362318840579711
ko,https://en.wikinews.org/wiki/Electronic_voting_disputed_in_France::2,0.5,0.625,5,8,0.5048543689320388
ko,https://en.wikibooks.org/wiki/Modern_Photography/Lenses::1,0.5,0.375,6,16,0.5207100591715976
ko,https://en.wikibooks.org/wiki/Wikijunior:World_Heritage_Sites/Pyramids_of_Giza::1,0.5,0.35714285714285715,5,14,0.4418604651162791
ko,https://en.wikinews.org/wiki/Microsoft_and_Yahoo_team_up_to_make_IM_clients_compatible::2,0.5,0.5555555555555556,5,9,0.49382716049382713
ko,https://en.wikivoyage.org/wiki/Falkland_Islands::2,0.5,0.35714285714285715,5,14,0.5054347826086957
ko,https://en.wikivoyage.org/wiki/Funeral_travel::2,0.5,0.2857142857142857,2,7,0.47706422018348627
ko,https://en.wikinews.org/wiki/Hurricane_Fred_churns_the_Atlantic::2,0.5,0.2222222222222222,2,9,0.5378787878787878
ko,https://en.wikivoyage.org/wiki/Southern_Africa::1,0.5,0.5,5,10,0.5235294117647059
ko,"https://en.wikinews.org/wiki/Karzai_declared_winner_of_Afghan_elections,_runoff_polls_cancelled::1",0.5,0.25,3,12,0.5267857142857143
ko,https://en.wikivoyage.org/wiki/GPS_navigation::2,0.5,0.5625,9,16,0.514018691588785
ko,https://en.wikibooks.org/wiki/Coaching_Youth_Middle_Distance_Runners/Nutrition::2,0.5,0.375,3,8,0.4842105263157895
ko,https://en.wikibooks.org/wiki/Ancient_China/Government::1,0.5,0.2,2,10,0.5125
ko,https://en.wikinews.org/wiki/Australian_treasurer_enters_nuclear_debate::2,0.5,0.25,1,4,0.48760330578512395
ko,https://en.wikinews.org/wiki/Sealing_ships_trapped_in_ice_off_coast_of_Newfoundland::2,0.5,0.7142857142857143,5,7,0.48717948717948717
ko,https://en.wikivoyage.org/wiki/Casablanca::1,0.5,0.375,3,8,0.4808510638297872
ko,https://en.wikinews.org/wiki/Spanish_football:_Sevilla_signs_Aleix_Vidal_from_FC_Barcelona::2,0.5,0.4,2,5,0.4375
ko,https://en.wikinews.org/wiki/IEEE_approves_802.11n_standard_after_six_years::2,0.5,0.42857142857142855,6,14,0.49038461538461536
ko,https://en.wikivoyage.org/wiki/Meteora::1,0.5,0.4666666666666667,7,15,0.5714285714285714
ko,https://en.wikinews.org/wiki/Renault_F1_launch_criminal_complaint_against_former_driver_over_race-fixing_allegation::2,0.5,0.3333333333333333,2,6,0.5
ko,https://en.wikinews.org/wiki/Space_station_crew_perform_successful_spacewalk::2,0.5,0.0,0,4,0.5052631578947369
ko,https://en.wikibooks.org/wiki/Cognitive_Psychology_and_Cognitive_Neuroscience/Problem_Solving_from_an_Evolutionary_Perspective::2,0.5,0.6,6,10,0.5094339622641509
ko,https://en.wikibooks.org/wiki/Wikijunior:The_Elements/Hydrogen::2,0.5,0.2727272727272727,3,11,0.4945054945054945
ko,https://en.wikinews.org/wiki/2010_FIBA_World_Championship_starts::2,0.5,0.75,3,4,0.4685714285714286
ko,https://en.wikibooks.org/wiki/Wikijunior:Big_Cats/Ocelot::2,0.5,0.45454545454545453,5,11,0.477124183006536
ko,https://en.wikinews.org/wiki/South_Africa_end_All_Blacks%27_15-game_winning_streak::1,0.5,0.4444444444444444,4,9,0.48255813953488375
ko,https://en.wikivoyage.org/wiki/Hiking_destinations_in_Norway::1,0.5,0.5,6,12,0.5565217391304348
ko,https://en.wikinews.org/wiki/Another_arrest_in_Minnesota_school_shooting::2,0.5,0.75,6,8,0.5303867403314917
ko,https://en.wikivoyage.org/wiki/Cold_weather::1,0.5,0.4166666666666667,5,12,0.5048076923076923
ko,https://en.wikivoyage.org/wiki/Corcovado_National_Park::2,0.5,0.4117647058823529,7,17,0.47161572052401746
ko,https://en.wikibooks.org/wiki/Wikijunior:Ancient_Civilizations/What_is_a_Civilization%3F::2,0.5,0.3333333333333333,2,6,0.4972067039106145
ko,https://en.wikibooks.org/wiki/Exercise_as_it_relates_to_Disease/Can_Exercise_Really_Help_Multiple_Sclerosis%3F::1,0.5,0.5263157894736842,10,19,0.46017699115044247
ko,https://en.wikivoyage.org/wiki/Winter_driving::1,0.5,0.5714285714285714,4,7,0.5290697674418605
ko,https://en.wikibooks.org/wiki/Goats/Introduction::1,0.5,0.2857142857142857,2,7,0.5196850393700787
ko,https://en.wikinews.org/wiki/Australian_Big_Brother_cleared_of_breaching_content_laws::1,0.5,0.8,4,5,0.45454545454545453
ko,https://en.wikibooks.org/wiki/Coaching_Youth_Middle_Distance_Runners/Introduction::2,0.5,0.42857142857142855,6,14,0.4957983193277311
ko,https://en.wikivoyage.org/wiki/Past_events/Wikimania_2018_Cape_Town_Guidebook::2,0.5,0.5714285714285714,4,7,0.5306122448979592
ko,https://en.wikivoyage.org/wiki/Hiking::1,0.5,0.5454545454545454,6,11,0.5140845070422535
ko,https://en.wikinews.org/wiki/Fossilized_remains_of_small_dinosaur_rediscovered_in_Canada::1,0.5,0.2,1,5,0.52
ko,https://en.wikivoyage.org/wiki/Plitvice_Lakes_National_Park::2,0.5,0.5,1,2,0.5060240963855421
ko,https://en.wikinews.org/wiki/US_helicopter_with_17_on_board_believed_to_have_been_shot_down_in_Afghanistan::2,0.5,0.6,3,5,0.5052631578947369
ko,https://en.wikibooks.org/wiki/European_History/Challenges_to_Spiritual_Authority::1,0.5,0.5,5,10,0.5028901734104047
ko,"https://en.wikinews.org/wiki/Gas_explosion_reported_in_Hammersmith,_London::1",0.5,0.5,2,4,0.4628099173553719
ko,https://en.wikivoyage.org/wiki/First_and_business_class_flights::1,0.5,0.2,2,10,0.49222797927461137
ko,https://en.wikinews.org/wiki/West_Indies_wins_the_third_match_of_the_cricket_series_against_India::2,0.5,0.5,3,6,0.5135135135135135
ko,https://en.wikibooks.org/wiki/The_Cold_War/Hungarian_Revolution::1,0.5,0.375,9,24,0.5153846153846153
ko,https://en.wikinews.org/wiki/Susan_G._Komen_Foundation_stops_funding_to_Planned_Parenthood::2,0.5,0.8,4,5,0.5087719298245614
ko,https://en.wikivoyage.org/wiki/Visa::1,0.5,0.5,5,10,0.4915254237288136
ko,https://en.wikinews.org/wiki/Iraq_Study_Group_Report:_Iraq_could_be_on_a_slide_towards_chaos::1,0.5,0.4444444444444444,8,18,0.4756756756756757
ko,https://en.wikivoyage.org/wiki/Travel_advisories::2,0.5,0.2962962962962963,8,27,0.5099337748344371
ko,https://en.wikinews.org/wiki/Former_U.S._National_Security_Advisor_Zbigniew_Brzezinski_dies_aged_89::1,0.5,0.45,9,20,0.532967032967033
ko,https://en.wikibooks.org/wiki/Wikijunior:Solar_System/The_Sun::2,0.5,0.25,3,12,0.5051546391752577
ko,https://en.wikivoyage.org/wiki/Baltic_Sea_ferries::1,0.5,0.2,1,5,0.4939759036144578
ko,https://en.wikivoyage.org/wiki/Air_courier::1,0.5,0.7,7,10,0.48466257668711654
ko,https://en.wikibooks.org/wiki/Sikhism::2,0.5,0.4166666666666667,5,12,0.5174129353233831
ko,https://en.wikibooks.org/wiki/Wikijunior:Solar_System/Moon::1,0.5,0.45,9,20,0.53125
ko,https://en.wikinews.org/wiki/U.S._President_arrives_in_Singapore::1,0.75,0.8,4,5,0.7295081967213115
ko,https://en.wikibooks.org/wiki/Lucid_Dreaming/Introduction::2,0.75,0.7647058823529411,13,17,0.7671232876712328
ko,https://en.wikinews.org/wiki/Canadian_professional_wrestler_Luna_Vachon_dies_aged_48::1,0.75,0.5714285714285714,4,7,0.7566137566137566
ko,https://en.wikinews.org/wiki/La_La_Land_receives_record-equalling_fourteen_Oscar_nominations;_Hacksaw_Ridge_gets_six::1,0.75,0.8571428571428571,6,7,0.7150537634408602
ko,https://en.wikinews.org/wiki/Huge_Gay_Pride_parade_held_in_Brazil::1,0.75,0.7272727272727273,8,11,0.7485380116959064
ko,https://en.wikibooks.org/wiki/Wikijunior:Ancient_Civilizations/Egyptians::2,0.75,0.7,14,20,0.7344632768361582
ko,https://en.wikivoyage.org/wiki/Travel_in_developing_countries::2,0.75,0.8666666666666667,13,15,0.7944444444444444
ko,https://en.wikivoyage.org/wiki/Water::1,0.75,0.9090909090909091,10,11,0.7386363636363636
ko,https://en.wikinews.org/wiki/Golf_and_rugby_set_to_return_to_the_Olympic_Games::2,0.75,0.6923076923076923,9,13,0.7443181818181818
ko,https://en.wikibooks.org/wiki/Coaching_Youth_Middle_Distance_Runners/Training::1,0.75,0.8461538461538461,11,13,0.7317073170731707
ko,https://en.wikibooks.org/wiki/Wikijunior:Ancient_Civilizations/Hebrews::1,0.75,0.8333333333333334,5,6,0.7216494845360825
ko,https://en.wikinews.org/wiki/Saturn%27s_moon_Titan_hosts_liquid_lakes_and_rivers::2,0.75,1.0,2,2,0.7909090909090909
ko,https://en.wikinews.org/wiki/Toronto_team-led_research_on_Type_1_Diabetes_%27groundbreaking%27::1,0.75,0.5714285714285714,4,7,0.7686567164179104
ko,https://en.wikibooks.org/wiki/Animal_Behavior/Population_Genetics::2,0.75,0.8888888888888888,8,9,0.7209302325581395
ko,https://en.wikinews.org/wiki/Edmonton_prison_conflict_wounds_eight::2,0.75,0.6923076923076923,9,13,0.7317073170731707
ko,https://en.wikinews.org/wiki/Burning_debris_from_satellites_spotted_over_several_US_cities::1,0.75,0.4166666666666667,5,12,0.7520661157024794
ko,https://en.wikibooks.org/wiki/The_Seven_Wonders_of_the_World/The_Temple_of_Artemis::2,0.75,0.6,6,10,0.7551020408163265
ko,https://en.wikibooks.org/wiki/American_Revolution/The_Declaration_of_Independence::1,0.75,0.9,9,10,0.7772727272727272
ko,https://en.wikinews.org/wiki/Italy_arrests_reputed_Mafia_boss_Lo_Piccolo::2,0.75,0.8571428571428571,12,14,0.7880184331797235
ko,https://en.wikivoyage.org/wiki/Hostels::1,0.75,1.0,6,6,0.726027397260274
ko,https://en.wikinews.org/wiki/8.0_magnitude_earthquake_occurs_near_Tonga::2,0.75,0.7857142857142857,11,14,0.7642857142857142
ko,https://en.wikinews.org/wiki/UK_threat_level_reduced_to_%27severe%27::1,0.75,0.8,4,5,0.7580645161290323
ko,"https://en.wikinews.org/wiki/Crossing_guard_killed_by_truck_in_Glasgow,_Scotland::1",0.75,0.5714285714285714,4,7,0.7428571428571429
ko,https://en.wikibooks.org/wiki/Wikijunior:Solar_System/Space_exploration::1,0.75,1.0,11,11,0.7449664429530202
ko,https://en.wikinews.org/wiki/24_people_rescued_from_roller_coaster_at_California%27s_Great_America_theme_park::1,0.75,0.6190476190476191,13,21,0.7614678899082569
ko,https://en.wikivoyage.org/wiki/Internet_telephony::2,0.75,0.6666666666666666,6,9,0.7027027027027027
ko,https://en.wikibooks.org/wiki/Wikijunior:Big_Cats/Tiger::1,0.75,0.4,2,5,0.7089552238805971
ko,https://en.wikinews.org/wiki/Young_motorcycle_racer_Peter_Lenz_dies_in_race_crash_aged_13::1,0.75,0.6666666666666666,4,6,0.7272727272727273
ko,https://en.wikivoyage.org/wiki/Boating_on_the_Baltic_Sea::2,0.75,0.8,12,15,0.7265625
ko,https://en.wikibooks.org/wiki/Basic_Physics_of_Digital_Radiography/The_Computer::2,0.75,0.75,6,8,0.75
ko,https://en.wikibooks.org/wiki/Wikijunior:Dinosaurs/Extinction::2,0.75,0.6153846153846154,8,13,0.7916666666666666
ko,https://en.wikibooks.org/wiki/Wikijunior:United_States_Charters_of_Freedom/Declaration_of_Independence::1,0.75,0.7777777777777778,7,9,0.7733990147783252
ko,https://en.wikibooks.org/wiki/Wikijunior:World_War_II/Battle_of_Britain::1,0.75,0.6,9,15,0.7923497267759563
ko,https://en.wikibooks.org/wiki/Golf::1,0.75,0.75,9,12,0.7327586206896551
ko,https://en.wikibooks.org/wiki/Wikijunior:How_Things_Work/Computer::1,0.75,0.8181818181818182,9,11,0.7906976744186046
ko,"https://en.wikinews.org/wiki/Red_tide_affects_South_Padre_Island,_Mexico::1",0.75,1.0,4,4,0.7555555555555555
ko,https://en.wikinews.org/wiki/Cosmonaut_Alexei_Leonov_dies_at_age_85::2,0.75,1.0,5,5,0.7647058823529411
ko,"https://en.wikinews.org/wiki/No_bomb_threat,_hijacking_of_plane_in_China%27s_Xinjiang_region_according_to_Afghan_officials::2",0.75,0.7142857142857143,5,7,0.7745098039215687
ko,https://en.wikivoyage.org/wiki/Galapagos_Islands::1,0.75,0.6785714285714286,19,28,0.7987421383647799
ko,https://en.wikivoyage.org/wiki/Travelling_around_the_Schengen_Area::1,0.75,0.7142857142857143,10,14,0.6967741935483871
ko,https://en.wikinews.org/wiki/Trade_hall_roof_collapses_in_Poland::1,0.75,0.3333333333333333,1,3,0.7864077669902912
ko,https://en.wikinews.org/wiki/Teen_post_officer_hides_400_New_Year_cards_in_Japanese_snow::1,0.75,0.7333333333333333,11,15,0.77
ko,"https://en.wikinews.org/wiki/Phone_threat_closes_tunnels,_snarls_traffic_in_Baltimore,_Maryland::2",0.75,0.8,4,5,0.75
ko,https://en.wikivoyage.org/wiki/Staycation::1,0.75,0.6428571428571429,18,28,0.7602739726027398
ko,https://en.wikivoyage.org/wiki/Yellowstone_National_Park::2,0.75,0.8666666666666667,13,15,0.7442922374429224
ko,https://en.wikinews.org/wiki/Bali_climate_change_conference_begins::2,0.75,0.6,3,5,0.7657657657657657
ko,https://en.wikibooks.org/wiki/History_of_Islam/Early_Islam::1,0.75,0.782608695652174,18,23,0.75
ko,https://en.wikinews.org/wiki/Brazilian_footballer_Gabriel_Jesus_signs_contract_extension_with_Manchester_City::2,0.75,1.0,9,9,0.7647058823529411
ko,https://en.wikivoyage.org/wiki/Advice_for_nervous_flyers::1,0.75,0.6896551724137931,20,29,0.7828947368421053
ko,https://en.wikinews.org/wiki/A_5.6_Richter_quake_hits_Western_Montana::1,0.75,0.5,3,6,0.7604166666666666
ko,https://en.wikivoyage.org/wiki/Wildlife_photography::1,0.75,0.6,6,10,0.7540983606557377
ko,https://en.wikibooks.org/wiki/Social_and_Cultural_Foundations_of_American_Education/Technology/Role::1,0.75,0.6590909090909091,29,44,0.7401129943502824
ko,https://en.wikibooks.org/wiki/Exercise_as_it_relates_to_Disease/Physical_activity_effect_on_mental_health_in_people_with_chronic_lower_back_pain::1,0.75,0.6666666666666666,10,15,0.7478260869565218
ko,https://en.wikivoyage.org/wiki/Bread_and_confectionery::2,0.75,0.6666666666666666,4,6,0.7582417582417582
ko,https://en.wikinews.org/wiki/Nathalie_Carpanedo_finishes_wild_card_run_at_2013_IPC_Alpine_World_Championships::1,0.75,0.6666666666666666,6,9,0.7454545454545455
ko,https://en.wikivoyage.org/wiki/Charlotte_with_children::1,0.75,1.0,7,7,0.725
ko,https://en.wikibooks.org/wiki/Wikijunior:South_America/The_Amazon::1,0.75,0.7777777777777778,7,9,0.738255033557047
ko,https://en.wikibooks.org/wiki/European_History/World_War_I::2,0.75,0.8,12,15,0.7718120805369127
ko,https://en.wikivoyage.org/wiki/Round_the_world_flights::2,0.75,0.4,2,5,0.7572254335260116
ko,https://en.wikibooks.org/wiki/Introduction_to_Sociology/Society::2,0.75,0.5,2,4,0.7452830188679245
ko,https://en.wikinews.org/wiki/New_Australian_Prime_Minister_signs_Kyoto::2,0.75,0.5,5,10,0.7549019607843137
ko,https://en.wikivoyage.org/wiki/Mobile_phones::1,0.75,0.75,12,16,0.7377049180327869
ko,https://en.wikinews.org/wiki/Canadian_Prime_Minister_Harper_agrees_to_send_%27Clean_Air_Act%27_to_committee::2,0.75,0.75,12,16,0.7805907172995781
ko,https://en.wikibooks.org/wiki/Wikijunior:Biology/Origin_of_Life::1,0.75,0.7692307692307693,10,13,0.7272727272727273
ko,https://en.wikivoyage.org/wiki/Cross_country_skiing::1,0.75,0.6363636363636364,7,11,0.75
ko,https://en.wikibooks.org/wiki/Animal_Behavior/Biological_Rhythms::1,0.75,0.7647058823529411,13,17,0.7723577235772358
ko,https://en.wikivoyage.org/wiki/Sundarbans_National_Park::1,0.75,0.7777777777777778,7,9,0.75
ko,https://en.wikivoyage.org/wiki/Noum%C3%A9a::1,0.75,0.8,4,5,0.7330097087378641
ko,https://en.wikibooks.org/wiki/Wikijunior:Languages/Hindi::2,0.75,1.0,2,2,0.7808219178082192
ko,https://en.wikivoyage.org/wiki/Culture_shock::1,0.75,0.7,7,10,0.7584269662921348
ko,https://en.wikinews.org/wiki/The_Onion:_An_interview_with_%27America%27s_Finest_News_Source%27::1,0.75,0.625,10,16,0.7729083665338645
ko,https://en.wikinews.org/wiki/Anti-ACTA_activists_protest_across_Europe::2,0.75,0.625,5,8,0.7610619469026548
ko,https://en.wikinews.org/wiki/Senate_questions_Roberts_in_confirmation_hearings::1,0.75,0.6363636363636364,14,22,0.7819548872180451
ko,https://en.wikibooks.org/wiki/Introduction_to_Sociology/Race_and_Ethnicity::2,0.75,0.7142857142857143,5,7,0.7674418604651163
ko,https://en.wikivoyage.org/wiki/Bed_and_breakfasts::1,0.75,0.6363636363636364,7,11,0.7534246575342466
ko,https://en.wikinews.org/wiki/UK_government_outlines_plans_for_rail_transport::1,0.75,0.75,6,8,0.7619047619047619
ko,https://en.wikinews.org/wiki/Russian_military_cargo_jet_crash_kills_eleven_in_Siberia::1,0.75,0.6,9,15,0.7547169811320755
ko,https://en.wikibooks.org/wiki/Wikijunior:Asia/Bhutan::1,0.75,0.7142857142857143,10,14,0.7732558139534884
ko,https://en.wikinews.org/wiki/FAA:_Metroplex_NextGen_project_in_place_in_north_Texas::2,0.75,0.6923076923076923,9,13,0.7864077669902912
ko,https://en.wikivoyage.org/wiki/Antarctica::1,0.75,0.75,3,4,0.7538461538461538
ko,https://en.wikibooks.org/wiki/How_to_Play_Violin/Bowing::1,0.75,0.5714285714285714,8,14,0.76875
ko,https://en.wikinews.org/wiki/Naked_News_to_create_international_language_editions::1,0.75,0.8571428571428571,6,7,0.6989247311827957
ko,https://en.wikibooks.org/wiki/Pakistani_History/Prehistory/Bronze_Age/Indus_Valley_Civilization::2,0.75,0.8,20,25,0.7470588235294118
ko,https://en.wikibooks.org/wiki/Sensory_Systems/Visual_System::1,0.75,0.6923076923076923,9,13,0.7570093457943925
ko,https://en.wikinews.org/wiki/Nationalised_bank_Northern_Rock_sold_to_Virgin_Money::1,0.75,0.8,4,5,0.7611111111111111
ko,https://en.wikinews.org/wiki/Typhoon_prompts_massive_evacuations_in_China::1,0.75,0.5,2,4,0.7450980392156863
ko,https://en.wikibooks.org/wiki/Wikijunior:Languages/Sanskrit::2,0.75,0.8571428571428571,6,7,0.7724550898203593
ko,https://en.wikibooks.org/wiki/Wikijunior:Europe/Luxembourg::2,0.75,0.5833333333333334,7,12,0.7762237762237763
ko,https://en.wikibooks.org/wiki/Wikijunior:Ancient_Civilizations/Romans::1,0.75,0.75,9,12,0.7433155080213903
ko,https://en.wikinews.org/wiki/Explorers_find_shipwreck_thought_to_be_massive_WWII_battleship_Musashi::1,0.75,0.875,7,8,0.7904761904761904
ko,https://en.wikibooks.org/wiki/The_Organ_Systems/nervous::1,0.75,0.75,3,4,0.7164179104477612
ko,https://en.wikibooks.org/wiki/Introductory_Tourism::2,0.75,0.7692307692307693,10,13,0.7132867132867133
ko,https://en.wikinews.org/wiki/Two-day_bird_flu_conference_draws_$1.9_billion_in_pledges::1,0.75,0.8,8,10,0.7479674796747967
ko,https://en.wikinews.org/wiki/Distributed_computing_to_get_%22interstellar_project%22::1,0.75,0.6,3,5,0.7954545454545454
ko,https://en.wikinews.org/wiki/US_officials_flood_Grand_Canyon_to_restore_ecosystem::1,0.75,0.8333333333333334,5,6,0.7323943661971831
ko,https://en.wikivoyage.org/wiki/Alcoholic_beverages::2,0.75,0.75,3,4,0.7846153846153846
ko,https://en.wikibooks.org/wiki/History_of_Technology/Cultural_Determinism::1,0.75,1.0,3,3,0.7307692307692307
ko,https://en.wikinews.org/wiki/Seven_caves_found_on_Mars:_NASA::2,0.75,0.75,9,12,0.806282722513089
ko,https://en.wikivoyage.org/wiki/Aggregators::2,0.75,0.7777777777777778,7,9,0.726027397260274
ko,https://en.wikivoyage.org/wiki/Canyoning::2,0.75,0.75,6,8,0.7126436781609196
ko,https://en.wikinews.org/wiki/Parts_of_New_Orleans_flood_again::1,0.75,0.75,3,4,0.7692307692307693
ko,https://en.wikivoyage.org/wiki/Downhill_snowsports::2,0.75,0.5714285714285714,4,7,0.766497461928934
ko,https://en.wikivoyage.org/wiki/Travellers%27_diarrhea::2,0.75,0.5882352941176471,10,17,0.7650602409638554
ko,https://en.wikibooks.org/wiki/American_Revolution/The_Battles_of_Trenton_and_Princeton::2,0.75,0.75,3,4,0.774390243902439
ko,https://en.wikinews.org/wiki/Apple_introduces_iPhone_and_Apple_TV::2,0.75,0.6,3,5,0.7536231884057971
ko,https://en.wikivoyage.org/wiki/Regional_coding::2,0.75,0.875,7,8,0.8018018018018018
ko,https://en.wikibooks.org/wiki/Wikijunior:How_Things_Work/Nuclear_Bomb::1,0.75,0.8571428571428571,6,7,0.7631578947368421
ko,https://en.wikibooks.org/wiki/Applied_Ecology/New_Societies_and_Cultures::1,0.75,0.6,3,5,0.751937984496124
ko,https://en.wikinews.org/wiki/Scientists_report_two_life-saving_treatments_for_Ebola::2,0.75,0.8235294117647058,14,17,0.7536231884057971
ko,https://en.wikivoyage.org/wiki/Budget_travel::2,0.75,0.7142857142857143,5,7,0.7254901960784313
ko,https://en.wikibooks.org/wiki/Wikijunior:Biology/Kingdoms/Animals::2,0.75,0.5714285714285714,8,14,0.7407407407407407
ko,https://en.wikibooks.org/wiki/Wikijunior:Big_Cats/Lion::2,0.75,0.16666666666666666,1,6,0.7516778523489933
ko,https://en.wikinews.org/wiki/USA_Gymnastics_board_resigning_after_sex_abuse::2,0.75,0.6666666666666666,12,18,0.7729468599033816
ko,"https://en.wikinews.org/wiki/Beverly_Hall,_indicted_public_school_superintendent,_dies_aged_68::2",0.75,0.7692307692307693,10,13,0.7288135593220338
ko,https://en.wikivoyage.org/wiki/Caucasus::2,0.75,0.5,6,12,0.7692307692307693
ko,https://en.wikivoyage.org/wiki/Gambling::1,0.75,1.0,4,4,0.7741935483870968
ko,https://en.wikivoyage.org/wiki/Maori_culture::2,0.75,0.6666666666666666,6,9,0.7678571428571429
ko,https://en.wikibooks.org/wiki/Philippine_History/The_Philippine-American_War::1,0.75,0.6956521739130435,16,23,0.7394957983193278
ko,https://en.wikinews.org/wiki/Hungary%27s_St_Stephen%27s_Day_hit_by_storm:_3_left_dead::1,0.75,0.631578947368421,12,19,0.7747252747252747
ko,https://en.wikivoyage.org/wiki/Border_crossing::1,0.75,0.75,12,16,0.75
ko,https://en.wikinews.org/wiki/Scientists_say_new_medical_diagnostic_chip_can_sort_cells_anywhere_with_an_inkjet::1,0.75,0.7692307692307693,10,13,0.7480916030534351
ko,https://en.wikinews.org/wiki/German_judge_orders_life_sentence_for_nation%27s_%27first_Islamic-motivated_terror_attack%27::1,0.75,1.0,5,5,0.7175141242937854
ko,https://en.wikinews.org/wiki/Japanese_Olympic_judoka_Hitoshi_Saito_dies_aged_54::1,0.75,0.8888888888888888,8,9,0.7227722772277227
ko,https://en.wikinews.org/wiki/North_Korea_agrees_to_disable_its_main_nuclear_reactor::1,0.75,0.5,7,14,0.8070175438596491
ko,https://en.wikivoyage.org/wiki/Vancouver::1,0.75,1.0,6,6,0.7631578947368421
ko,https://en.wikivoyage.org/wiki/Astronomy::2,0.75,0.8461538461538461,11,13,0.7264150943396226
ko,https://en.wikivoyage.org/wiki/San_Francisco::2,0.75,0.6923076923076923,9,13,0.7177914110429447
ko,https://en.wikibooks.org/wiki/All_About_Converting_From_Several_Video_Formats_To_DVD::2,0.75,0.6,6,10,0.7424242424242424
ko,https://en.wikibooks.org/wiki/Wikijunior:World_War_II/Submarines::1,0.75,0.7272727272727273,8,11,0.7228260869565217
ko,https://en.wikinews.org/wiki/Fighter_jet_crashes_during_Children%27s_Day_airshow_in_Thailand::2,0.75,0.8,4,5,0.7596153846153846
ko,https://en.wikinews.org/wiki/Michael_Schumacher_calls_off_Formula_1_comeback_due_to_injury::2,0.75,0.9090909090909091,10,11,0.7669902912621359
ko,https://en.wikibooks.org/wiki/Environmental_theory_and_collection_of_ideas/Environmentalism_and_survival::1,0.75,0.9090909090909091,10,11,0.7910447761194029
ko,https://en.wikivoyage.org/wiki/Walt_Disney_World::2,0.75,0.9090909090909091,10,11,0.7533632286995515
ko,https://en.wikivoyage.org/wiki/Kruger_National_Park::2,0.75,0.5,3,6,0.7909090909090909
ko,https://en.wikinews.org/wiki/Khyber_Pakhtunkhwa_Provincial_Assembly_votes_to_merge_with_Pakistani_Federally_Administered_Tribal_Areas::1,0.75,1.0,14,14,0.776595744680851
ko,https://en.wikibooks.org/wiki/Wikijunior:Ancient_Civilizations/Greeks::1,0.75,1.0,1,1,0.7239263803680982
ko,https://en.wikivoyage.org/wiki/Victoria_Falls::1,0.75,0.75,9,12,0.7580645161290323
ko,https://en.wikibooks.org/wiki/Wikijunior:How_Things_Work/Time::2,0.75,0.5714285714285714,4,7,0.7101449275362319
ko,https://en.wikivoyage.org/wiki/West_Africa::2,0.75,0.7777777777777778,7,9,0.7533333333333333
ko,https://en.wikivoyage.org/wiki/Birdwatching::2,0.75,0.8333333333333334,5,6,0.717391304347826
ko,https://en.wikibooks.org/wiki/Wikijunior:How_Things_Work/Light_Bulb::2,0.75,0.782608695652174,18,23,0.7910447761194029
ko,https://en.wikivoyage.org/wiki/French_phrasebook::1,0.75,0.8,4,5,0.7843137254901961
ko,"https://en.wikinews.org/wiki/Car_crashes_into_house_in_Suffolk,_UK,_seriously_injuring_man::1",0.75,0.42105263157894735,8,19,0.7310344827586207
ko,https://en.wikibooks.org/wiki/Cognitive_Psychology_and_Cognitive_Neuroscience/Evolutionary_Perspective_on_Social_Cognitions::2,0.75,0.4166666666666667,5,12,0.7647058823529411
ko,https://en.wikivoyage.org/wiki/Music_festival_circuit::1,0.75,0.75,6,8,0.75
ko,https://en.wikinews.org/wiki/Rare_Middle_East_cyclone_batters_Oman::2,0.75,0.3333333333333333,1,3,0.7
ko,https://en.wikibooks.org/wiki/First_Aid/Poisoning::1,0.75,0.6190476190476191,13,21,0.780952380952381
ko,https://en.wikibooks.org/wiki/Social_and_Cultural_Foundations_of_American_Education/Technology/Social_Media::2,0.75,0.7272727272727273,8,11,0.75
ko,https://en.wikibooks.org/wiki/Wikijunior:How_Things_Work/Flush_Toilet::1,0.75,0.6428571428571429,9,14,0.7478260869565218
ko,https://en.wikinews.org/wiki/India_struggles_with_encephalitis_outbreak::2,0.75,1.0,4,4,0.757396449704142
ko,https://en.wikinews.org/wiki/Sandra_Fluke_insists_she_will_not_be_silenced::1,0.75,0.8571428571428571,6,7,0.7717391304347826
ko,https://en.wikivoyage.org/wiki/Horse_riding::2,0.75,0.6666666666666666,6,9,0.7251461988304093
ko,https://en.wikibooks.org/wiki/High_School_Earth_Science/Telescopes::1,0.75,0.7142857142857143,5,7,0.7586206896551724
ko,"https://en.wikinews.org/wiki/Strong_6.3_earthquake_reported_in_Sumatra,_Indonesia::1",0.75,0.8181818181818182,9,11,0.7386363636363636
ko,https://en.wikibooks.org/wiki/Fencing::1,0.75,0.8888888888888888,8,9,0.7288135593220338
ko,https://en.wikinews.org/wiki/Seven_killed_in_Chinese_bombing::1,0.75,0.6,6,10,0.7682926829268293
ko,https://en.wikivoyage.org/wiki/Chile::2,0.75,0.625,5,8,0.7485714285714286
ko,https://en.wikivoyage.org/wiki/Thimphu::2,0.75,0.6666666666666666,8,12,0.7466666666666667
ko,https://en.wikinews.org/wiki/New_fossils_from_10_million_year_old_ape_found_in_Ethiopia::2,0.75,0.5555555555555556,5,9,0.7931034482758621
ko,https://en.wikinews.org/wiki/Cholera_outbreak_hits_Angola::1,0.75,0.3,3,10,0.7623762376237624
ko,https://en.wikinews.org/wiki/Funeral_of_Pope_John_Paul_II_takes_place::2,0.75,0.8,4,5,0.7619047619047619
ko,https://en.wikivoyage.org/wiki/Rock_climbing::1,0.75,0.8333333333333334,5,6,0.75
ko,https://en.wikinews.org/wiki/Nadal_beats_Raonic_to_reach_Australian_Open_semis::2,0.75,0.8,4,5,0.7131147540983607
ko,https://en.wikivoyage.org/wiki/Flying_to_Africa::1,0.75,0.5882352941176471,10,17,0.7558139534883721
ko,https://en.wikivoyage.org/wiki/Hospitality_exchange::2,0.75,0.8571428571428571,6,7,0.73224043715847
ko,https://en.wikinews.org/wiki/Bomb_blasts_kill_several_in_Iran::1,0.75,1.0,15,15,0.7252747252747253
ko,https://en.wikibooks.org/wiki/Wikijunior:World_Heritage_Sites/Serengeti::2,0.75,0.6666666666666666,6,9,0.7226277372262774
ko,https://en.wikibooks.org/wiki/Fundamentals_of_Transportation/Introduction::2,0.75,0.6923076923076923,9,13,0.7542372881355932
ko,https://en.wikibooks.org/wiki/Wikijunior:How_Things_Work/Laser::1,0.75,0.5625,9,16,0.7727272727272727
ko,https://en.wikibooks.org/wiki/Wikijunior:Biology/Cells::1,0.75,0.7142857142857143,5,7,0.736
ko,https://en.wikinews.org/wiki/Photojournalist_photographing_Justin_Bieber%27s_car_run_over_by_another_vehicle::2,0.75,0.875,7,8,0.751219512195122
ko,"https://en.wikinews.org/wiki/Benin,_Nigeria_join_African_Union_continental_free_trade_bloc::1",0.75,0.75,6,8,0.7851239669421488
ko,https://en.wikinews.org/wiki/Nintendo_unveils_controller_for_Revolution_console::2,0.75,0.8,4,5,0.7637795275590551
ko,https://en.wikibooks.org/wiki/Basic_Physics_of_Digital_Radiography/The_Basics::2,0.75,0.7142857142857143,5,7,0.7404580152671756
ko,https://en.wikinews.org/wiki/Amazon_to_buy_smart_doorbell_startup_Ring::2,0.75,0.5,6,12,0.738562091503268
ko,https://en.wikivoyage.org/wiki/Hong_Kong::1,0.75,0.7,21,30,0.7671957671957672
ko,"https://en.wikinews.org/wiki/Aerosmith_sued_over_late_cancellation_of_gig_in_Maui,_Hawaii::1",0.75,0.7857142857142857,11,14,0.75
ko,https://en.wikivoyage.org/wiki/Guanajuato::1,0.75,0.42857142857142855,3,7,0.764367816091954
ko,https://en.wikivoyage.org/wiki/Streymoy::1,0.75,0.8,8,10,0.7590361445783133
ko,https://en.wikinews.org/wiki/Iranian_passenger_jet%27s_wheel_catches_fire::1,0.75,0.65,13,20,0.7660818713450293
ko,https://en.wikinews.org/wiki/Philae_space_probe_lands_on_comet::1,0.75,0.5714285714285714,4,7,0.7582417582417582
ko,https://en.wikibooks.org/wiki/Introduction_to_Paleoanthropology/Bones::1,0.75,0.875,7,8,0.7333333333333333
ko,"https://en.wikinews.org/wiki/Hong_Kong_tourists_held_hostage_in_the_Philippines,_nine_killed::2",0.75,0.8,8,10,0.7328767123287672
ko,https://en.wikivoyage.org/wiki/Barcelona::1,0.75,0.8333333333333334,5,6,0.751412429378531
ko,https://en.wikivoyage.org/wiki/Grand_Canyon::2,0.75,0.8333333333333334,5,6,0.7278481012658228
ko,https://en.wikivoyage.org/wiki/Studying_abroad::1,0.75,0.7352941176470589,25,34,0.7055214723926381
ko,https://en.wikinews.org/wiki/War_between_top_lawyers_in_Greece::1,0.75,1.0,3,3,0.7584745762711864
ko,https://en.wikibooks.org/wiki/Introduction_to_Sociology/Culture::1,0.75,0.8666666666666667,13,15,0.7019867549668874
ko,https://en.wikinews.org/wiki/New_South_Wales_government_starts_trial_of_hunting_in_national_parks::1,0.75,0.5,5,10,0.75
ko,https://en.wikinews.org/wiki/French_campaigning_film_director_Ren%C3%A9_Vautier_dies::2,0.75,0.7777777777777778,7,9,0.7563025210084033
ko,https://en.wikivoyage.org/wiki/German_phrasebook::2,0.75,0.6666666666666666,8,12,0.7752808988764045
ko,https://en.wikinews.org/wiki/EBay_to_acquire_Skype::1,0.75,1.0,1,1,0.7358490566037735
ko,https://en.wikinews.org/wiki/Spanish_football_captain_dies_at_26::2,0.75,0.8,4,5,0.76
ko,https://en.wikibooks.org/wiki/Warfare::2,0.75,0.6875,22,32,0.7407407407407407
ko,https://en.wikinews.org/wiki/Building_collapses_in_Mecca_at_eve_of_Hajj_pillgrimage::1,0.75,0.6666666666666666,4,6,0.7142857142857143
ko,https://en.wikinews.org/wiki/Haitian_cholera_victims_threaten_United_Nations_with_lawsuit::2,0.75,0.75,3,4,0.7389162561576355
ko,https://en.wikinews.org/wiki/Icelandic_Hekla_volcano_shows_signs_of_activity::1,0.75,0.6,12,20,0.7583892617449665
ko,"https://en.wikinews.org/wiki/Sun%27s_mood_swings_not_so_strange_after_all,_say_scientists::2",0.75,0.75,6,8,0.7931034482758621
ko,https://en.wikivoyage.org/wiki/Travel_agencies::1,0.75,0.625,10,16,0.7153846153846154
ko,https://en.wikibooks.org/wiki/Introduction_to_Paleoanthropology/Genetics/Introduction::1,0.75,1.0,5,5,0.7160493827160493
ko,https://en.wikinews.org/wiki/Texas_governor_and_health_officials_address_public_regarding_Ebola_case::2,0.75,0.6666666666666666,2,3,0.7658227848101266
ko,https://en.wikibooks.org/wiki/Castles_of_England/The_Development_of_the_Castle::1,0.75,0.8888888888888888,8,9,0.7654320987654321
ko,https://en.wikivoyage.org/wiki/Moldova::1,0.75,0.6875,11,16,0.7142857142857143
ko,https://en.wikinews.org/wiki/Apple_Japan_to_replace_overheating_iPod_Nanos::2,0.75,0.5,3,6,0.7608695652173914
ko,https://en.wikivoyage.org/wiki/Sleep::1,0.75,0.6923076923076923,9,13,0.718562874251497
ko,https://en.wikibooks.org/wiki/Wikijunior:Ancient_Civilizations/Assyrians::1,0.75,0.5,2,4,0.7226277372262774
ko,https://en.wikivoyage.org/wiki/Tornado_safety::2,0.75,0.7,7,10,0.7796610169491526
ko,https://en.wikivoyage.org/wiki/Travel_photography/Film::1,0.75,0.8333333333333334,5,6,0.7816901408450704
ko,https://en.wikibooks.org/wiki/French_Revolution/Effects::1,0.75,0.8333333333333334,25,30,0.7636363636363637
ko,https://en.wikivoyage.org/wiki/War_zone_safety::2,0.75,0.6923076923076923,9,13,0.743421052631579
ko,https://en.wikibooks.org/wiki/Wikijunior:Europe/Turkey::1,0.75,0.5714285714285714,4,7,0.7627118644067796
ko,https://en.wikibooks.org/wiki/Cognitive_Psychology_and_Cognitive_Neuroscience/Behavioural_and_Neuroscience_Methods::1,0.75,0.6666666666666666,4,6,0.7692307692307693
ko,https://en.wikinews.org/wiki/Tennis:_Andy_Murray_wins_Montreal_Masters_2009::1,0.75,0.75,12,16,0.7849462365591398
ko,https://en.wikivoyage.org/wiki/Japan%27s_Top_100_Cherry_Blossom_Spots::1,0.75,0.6,3,5,0.735632183908046
ko,https://en.wikibooks.org/wiki/Blended_Learning_in_K-12/Blended_Learning_in_Grades_9-12::2,0.75,0.7857142857142857,11,14,0.7725490196078432
ko,https://en.wikinews.org/wiki/Judge_orders_Baltimore_City_prison_to_produce_plan_for_improvement::1,0.75,1.0,4,4,0.7583892617449665
ko,https://en.wikinews.org/wiki/US_Navy_ship_damages_Tubbataha_Reef_National_Park::1,0.75,1.0,5,5,0.7739130434782608
ko,https://en.wikinews.org/wiki/Women%E2%80%99s_boxing_to_be_included_in_the_2012_Olympics_for_the_first_time::2,0.75,0.7777777777777778,7,9,0.7959183673469388
ko,https://en.wikivoyage.org/wiki/New_Mexico_Pueblos::2,0.75,0.8333333333333334,15,18,0.7485029940119761
ko,https://en.wikinews.org/wiki/Leak_suggests_John_Kerry_will_recognise_Israel_as_Jewish_state::2,0.75,0.7222222222222222,13,18,0.75
ko,https://en.wikibooks.org/wiki/High_School_Earth_Science/Storms::2,0.75,0.75,3,4,0.7461538461538462
ko,https://en.wikinews.org/wiki/China_promises_cut_in_carbon_dioxide_emissions::2,0.75,1.0,3,3,0.7756410256410257
ko,https://en.wikibooks.org/wiki/Yoga/Yoga_Tales::1,0.75,0.7272727272727273,8,11,0.7597765363128491
ko,https://en.wikinews.org/wiki/President_of_Costa_Rica_contracts_H1N1_swine_flu::1,0.75,0.625,10,16,0.7952755905511811
ko,https://en.wikibooks.org/wiki/Wikijunior:Dinosaurs/Triceratops::1,0.75,0.8181818181818182,9,11,0.8067632850241546
ko,https://en.wikinews.org/wiki/Doctor_to_be_charged_after_mother%27s_death_in_Ohio::2,0.75,0.7692307692307693,10,13,0.7740585774058577
ko,https://en.wikivoyage.org/wiki/Cascais::1,0.75,0.625,5,8,0.7545454545454545
ko,https://en.wikivoyage.org/wiki/Salar_de_Uyuni::2,0.75,0.8,12,15,0.7457627118644068
ko,https://en.wikinews.org/wiki/France_issues_pollution_alert_as_ship_splits_off_Basque_coast::1,0.75,0.4444444444444444,4,9,0.7744360902255639
ko,https://en.wikibooks.org/wiki/History_of_Technology/Technological_Determinism::1,0.75,0.6,6,10,0.7552742616033755
ko,https://en.wikibooks.org/wiki/Remembering_the_Templars::2,0.75,0.7857142857142857,11,14,0.75
ko,https://en.wikibooks.org/wiki/Wikijunior:Bugs/Insects_Intro::1,0.75,0.5,6,12,0.7457627118644068
ko,"https://en.wikinews.org/wiki/Sam_Simon,_%27The_Simpsons%27_co-creator,_dies_aged_59::2",0.75,0.6666666666666666,12,18,0.7410071942446043
ko,https://en.wikibooks.org/wiki/Wikijunior:Solar_System/Jupiter/Io::1,0.75,1.0,9,9,0.7575757575757576
ko,https://en.wikinews.org/wiki/Akayev_flees_Kyrgyzstan_as_protesters_seize_control_of_Bishkek::2,0.75,0.8,8,10,0.7321428571428571
ko,https://en.wikivoyage.org/wiki/Talk::1,0.75,0.5555555555555556,5,9,0.7525773195876289
ko,https://en.wikivoyage.org/wiki/Mallorca::1,0.75,0.9,9,10,0.7570093457943925
ko,"https://en.wikinews.org/wiki/Large_earthquake_off_Japan,_tsunami_warning_issued::1",0.75,0.9,9,10,0.7536231884057971
ko,https://en.wikinews.org/wiki/Electronic_voting_disputed_in_France::2,0.75,0.75,6,8,0.7524271844660194
ko,https://en.wikibooks.org/wiki/Modern_Photography/Lenses::1,0.75,0.75,12,16,0.7928994082840237
ko,https://en.wikibooks.org/wiki/Wikijunior:World_Heritage_Sites/Pyramids_of_Giza::1,0.75,0.7857142857142857,11,14,0.7093023255813954
ko,https://en.wikinews.org/wiki/Microsoft_and_Yahoo_team_up_to_make_IM_clients_compatible::2,0.75,0.5555555555555556,5,9,0.7407407407407407
ko,https://en.wikivoyage.org/wiki/Falkland_Islands::2,0.75,0.6428571428571429,9,14,0.7771739130434783
ko,https://en.wikivoyage.org/wiki/Funeral_travel::2,0.75,0.7142857142857143,5,7,0.7339449541284404
ko,https://en.wikinews.org/wiki/Hurricane_Fred_churns_the_Atlantic::2,0.75,0.6666666666666666,6,9,0.7878787878787878
ko,https://en.wikivoyage.org/wiki/Southern_Africa::1,0.75,0.7,7,10,0.7647058823529411
ko,"https://en.wikinews.org/wiki/Karzai_declared_winner_of_Afghan_elections,_runoff_polls_cancelled::1",0.75,0.6666666666666666,8,12,0.7767857142857143
ko,https://en.wikivoyage.org/wiki/GPS_navigation::2,0.75,0.8125,13,16,0.7663551401869159
ko,https://en.wikibooks.org/wiki/Coaching_Youth_Middle_Distance_Runners/Nutrition::2,0.75,0.75,6,8,0.7473684210526316
ko,https://en.wikibooks.org/wiki/Ancient_China/Government::1,0.75,0.6,6,10,0.7375
ko,https://en.wikinews.org/wiki/Australian_treasurer_enters_nuclear_debate::2,0.75,1.0,4,4,0.7603305785123967
ko,https://en.wikinews.org/wiki/Sealing_ships_trapped_in_ice_off_coast_of_Newfoundland::2,0.75,0.8571428571428571,6,7,0.6923076923076923
ko,https://en.wikivoyage.org/wiki/Casablanca::1,0.75,0.875,7,8,0.7446808510638298
ko,https://en.wikinews.org/wiki/Spanish_football:_Sevilla_signs_Aleix_Vidal_from_FC_Barcelona::2,0.75,0.4,2,5,0.75
ko,https://en.wikinews.org/wiki/IEEE_approves_802.11n_standard_after_six_years::2,0.75,0.7142857142857143,10,14,0.7884615384615384
ko,https://en.wikivoyage.org/wiki/Meteora::1,0.75,0.9333333333333333,14,15,0.7888198757763976
ko,https://en.wikinews.org/wiki/Renault_F1_launch_criminal_complaint_against_former_driver_over_race-fixing_allegation::2,0.75,0.5,3,6,0.7295081967213115
ko,https://en.wikinews.org/wiki/Space_station_crew_perform_successful_spacewalk::2,0.75,0.25,1,4,0.6947368421052632
ko,https://en.wikibooks.org/wiki/Cognitive_Psychology_and_Cognitive_Neuroscience/Problem_Solving_from_an_Evolutionary_Perspective::2,0.75,0.7,7,10,0.7421383647798742
ko,https://en.wikibooks.org/wiki/Wikijunior:The_Elements/Hydrogen::2,0.75,0.6363636363636364,7,11,0.7582417582417582
ko,https://en.wikinews.org/wiki/2010_FIBA_World_Championship_starts::2,0.75,1.0,4,4,0.76
ko,https://en.wikibooks.org/wiki/Wikijunior:Big_Cats/Ocelot::2,0.75,0.8181818181818182,9,11,0.7189542483660131
ko,https://en.wikinews.org/wiki/South_Africa_end_All_Blacks%27_15-game_winning_streak::1,0.75,0.7777777777777778,7,9,0.7441860465116279
ko,https://en.wikivoyage.org/wiki/Hiking_destinations_in_Norway::1,0.75,0.5,6,12,0.8173913043478261
ko,https://en.wikinews.org/wiki/Another_arrest_in_Minnesota_school_shooting::2,0.75,0.875,7,8,0.7790055248618785
ko,https://en.wikivoyage.org/wiki/Cold_weather::1,0.75,0.6666666666666666,8,12,0.7548076923076923
ko,https://en.wikivoyage.org/wiki/Corcovado_National_Park::2,0.75,0.6470588235294118,11,17,0.7205240174672489
ko,https://en.wikibooks.org/wiki/Wikijunior:Ancient_Civilizations/What_is_a_Civilization%3F::2,0.75,0.5,3,6,0.770949720670391
ko,https://en.wikibooks.org/wiki/Exercise_as_it_relates_to_Disease/Can_Exercise_Really_Help_Multiple_Sclerosis%3F::1,0.75,0.6842105263157895,13,19,0.6814159292035398
ko,https://en.wikivoyage.org/wiki/Winter_driving::1,0.75,1.0,7,7,0.7616279069767442
ko,https://en.wikibooks.org/wiki/Goats/Introduction::1,0.75,0.7142857142857143,5,7,0.7637795275590551
ko,https://en.wikinews.org/wiki/Australian_Big_Brother_cleared_of_breaching_content_laws::1,0.75,0.8,4,5,0.7012987012987013
ko,https://en.wikibooks.org/wiki/Coaching_Youth_Middle_Distance_Runners/Introduction::2,0.75,0.7142857142857143,10,14,0.773109243697479
ko,https://en.wikivoyage.org/wiki/Past_events/Wikimania_2018_Cape_Town_Guidebook::2,0.75,0.8571428571428571,6,7,0.7482993197278912
ko,https://en.wikivoyage.org/wiki/Hiking::1,0.75,0.9090909090909091,10,11,0.7605633802816901
ko,https://en.wikinews.org/wiki/Fossilized_remains_of_small_dinosaur_rediscovered_in_Canada::1,0.75,0.4,2,5,0.832
ko,https://en.wikivoyage.org/wiki/Plitvice_Lakes_National_Park::2,0.75,1.0,2,2,0.7469879518072289
ko,https://en.wikinews.org/wiki/US_helicopter_with_17_on_board_believed_to_have_been_shot_down_in_Afghanistan::2,0.75,0.8,4,5,0.7368421052631579
ko,https://en.wikibooks.org/wiki/European_History/Challenges_to_Spiritual_Authority::1,0.75,0.6,6,10,0.7456647398843931
ko,"https://en.wikinews.org/wiki/Gas_explosion_reported_in_Hammersmith,_London::1",0.75,0.5,2,4,0.71900826446281
ko,https://en.wikivoyage.org/wiki/First_and_business_class_flights::1,0.75,0.5,5,10,0.7461139896373057
ko,https://en.wikinews.org/wiki/West_Indies_wins_the_third_match_of_the_cricket_series_against_India::2,0.75,0.5,3,6,0.7635135135135135
ko,https://en.wikibooks.org/wiki/The_Cold_War/Hungarian_Revolution::1,0.75,0.5833333333333334,14,24,0.7769230769230769
ko,https://en.wikinews.org/wiki/Susan_G._Komen_Foundation_stops_funding_to_Planned_Parenthood::2,0.75,0.8,4,5,0.7426900584795322
ko,https://en.wikivoyage.org/wiki/Visa::1,0.75,0.7,7,10,0.7372881355932204
ko,https://en.wikinews.org/wiki/Iraq_Study_Group_Report:_Iraq_could_be_on_a_slide_towards_chaos::1,0.75,0.6111111111111112,11,18,0.7243243243243244
ko,https://en.wikivoyage.org/wiki/Travel_advisories::2,0.75,0.5925925925925926,16,27,0.7483443708609272
ko,https://en.wikinews.org/wiki/Former_U.S._National_Security_Advisor_Zbigniew_Brzezinski_dies_aged_89::1,0.75,0.65,13,20,0.7747252747252747
ko,https://en.wikibooks.org/wiki/Wikijunior:Solar_System/The_Sun::2,0.75,0.75,9,12,0.7628865979381443
ko,https://en.wikivoyage.org/wiki/Baltic_Sea_ferries::1,0.75,0.6,3,5,0.7590361445783133
ko,https://en.wikivoyage.org/wiki/Air_courier::1,0.75,1.0,10,10,0.7484662576687117
ko,https://en.wikibooks.org/wiki/Sikhism::2,0.75,0.6666666666666666,8,12,0.736318407960199
ko,https://en.wikibooks.org/wiki/Wikijunior:Solar_System/Moon::1,0.75,0.65,13,20,0.796875
